2026-10-09 00:00:00 db=demo-db session=sess-000 duration_ms=1582 operation=ROLLBACK table=sessions rows=8 status=OK
2026-10-09 00:00:05 db=demo-db session=sess-001 duration_ms=1536 operation=SELECT table=events rows=167 status=SLOW
2026-10-09 00:00:10 db=demo-db session=sess-002 duration_ms=269 operation=ROLLBACK table=orders rows=220 status=OK
2026-10-09 00:00:15 db=demo-db session=sess-003 duration_ms=157 operation=SELECT table=config rows=184 status=SLOW
2026-10-09 00:00:20 db=demo-db session=sess-004 duration_ms=42 operation=SELECT table=audit_records rows=212 status=RETRY
2026-10-09 00:00:25 db=demo-db session=sess-005 duration_ms=1239 operation=INSERT table=users rows=188 status=RETRY
2026-10-09 00:00:30 db=demo-db session=sess-006 duration_ms=1624 operation=DELETE table=sessions rows=212 status=RETRY
2026-10-09 00:00:35 db=demo-db session=sess-007 duration_ms=1760 operation=UPDATE table=orders rows=108 status=RETRY
2026-10-09 00:00:40 db=demo-db session=sess-008 duration_ms=1523 operation=SELECT table=orders rows=70 status=SLOW
2026-10-09 00:00:45 db=demo-db session=sess-009 duration_ms=416 operation=SELECT table=orders rows=248 status=RETRY
2026-10-09 00:00:50 db=demo-db session=sess-010 duration_ms=966 operation=DELETE table=orders rows=109 status=OK
2026-10-09 00:00:55 db=demo-db session=sess-011 duration_ms=456 operation=DELETE table=config rows=71 status=SLOW
2026-10-09 00:01:00 db=demo-db session=sess-012 duration_ms=583 operation=ROLLBACK table=config rows=129 status=OK
2026-10-09 00:01:05 db=demo-db session=sess-013 duration_ms=784 operation=SELECT table=events rows=186 status=SLOW
2026-10-09 00:01:10 db=demo-db session=sess-014 duration_ms=764 operation=COMMIT table=audit_records rows=27 status=SLOW
2026-10-09 00:01:15 db=demo-db session=sess-015 duration_ms=459 operation=COMMIT table=users rows=101 status=OK
2026-10-09 00:01:20 db=demo-db session=sess-016 duration_ms=916 operation=UPDATE table=events rows=144 status=OK
2026-10-09 00:01:25 db=demo-db session=sess-017 duration_ms=1317 operation=UPDATE table=orders rows=36 status=OK
2026-10-09 00:01:30 db=demo-db session=sess-018 duration_ms=196 operation=COMMIT table=sessions rows=53 status=SLOW
2026-10-09 00:01:35 db=demo-db session=sess-019 duration_ms=1216 operation=INSERT table=users rows=36 status=SLOW
2026-10-09 00:01:40 db=demo-db session=sess-020 duration_ms=1263 operation=DELETE table=config rows=185 status=RETRY
2026-10-09 00:01:45 db=demo-db session=sess-021 duration_ms=1558 operation=INSERT table=users rows=196 status=SLOW
2026-10-09 00:01:50 db=demo-db session=sess-022 duration_ms=517 operation=DELETE table=orders rows=189 status=OK
2026-10-09 00:01:55 db=demo-db session=sess-023 duration_ms=1709 operation=INSERT table=users rows=82 status=RETRY
2026-10-09 00:02:00 db=demo-db session=sess-024 duration_ms=1227 operation=DELETE table=users rows=68 status=OK
2026-10-09 00:02:05 db=demo-db session=sess-025 duration_ms=1547 operation=COMMIT table=events rows=139 status=SLOW
2026-10-09 00:02:10 db=demo-db session=sess-026 duration_ms=642 operation=ROLLBACK table=sessions rows=82 status=SLOW
2026-10-09 00:02:15 db=demo-db session=sess-027 duration_ms=1452 operation=DELETE table=config rows=142 status=OK
2026-10-09 00:02:20 db=demo-db session=sess-028 duration_ms=216 operation=DELETE table=audit_records rows=19 status=SLOW
2026-10-09 00:02:25 db=demo-db session=sess-029 duration_ms=261 operation=SELECT table=sessions rows=133 status=OK
2026-10-09 00:02:30 db=demo-db session=sess-030 duration_ms=341 operation=INSERT table=events rows=222 status=OK
2026-10-09 00:02:35 db=demo-db session=sess-031 duration_ms=80 operation=DELETE table=events rows=43 status=RETRY
2026-10-09 00:02:40 db=demo-db session=sess-032 duration_ms=998 operation=INSERT table=audit_records rows=223 status=RETRY
2026-10-09 00:02:45 db=demo-db session=sess-033 duration_ms=857 operation=DELETE table=users rows=75 status=OK
2026-10-09 00:02:50 db=demo-db session=sess-034 duration_ms=892 operation=UPDATE table=audit_records rows=236 status=OK
2026-10-09 00:02:55 db=demo-db session=sess-035 duration_ms=1071 operation=UPDATE table=config rows=227 status=OK
2026-10-09 00:03:00 db=demo-db session=sess-036 duration_ms=1155 operation=ROLLBACK table=sessions rows=36 status=OK
2026-10-09 00:03:05 db=demo-db session=sess-037 duration_ms=1072 operation=ROLLBACK table=sessions rows=205 status=RETRY
2026-10-09 00:03:10 db=demo-db session=sess-038 duration_ms=1464 operation=UPDATE table=config rows=154 status=OK
2026-10-09 00:03:15 db=demo-db session=sess-039 duration_ms=967 operation=DELETE table=sessions rows=239 status=OK
2026-10-09 00:03:20 db=demo-db session=sess-040 duration_ms=1530 operation=ROLLBACK table=sessions rows=42 status=RETRY
2026-10-09 00:03:25 db=demo-db session=sess-041 duration_ms=1465 operation=DELETE table=users rows=81 status=SLOW
2026-10-09 00:03:30 db=demo-db session=sess-042 duration_ms=368 operation=INSERT table=events rows=17 status=OK
2026-10-09 00:03:35 db=demo-db session=sess-043 duration_ms=639 operation=ROLLBACK table=sessions rows=51 status=OK
2026-10-09 00:03:40 db=demo-db session=sess-044 duration_ms=1102 operation=DELETE table=orders rows=24 status=OK
2026-10-09 00:03:45 db=demo-db session=sess-045 duration_ms=1280 operation=DELETE table=config rows=40 status=OK
2026-10-09 00:03:50 db=demo-db session=sess-046 duration_ms=718 operation=ROLLBACK table=config rows=226 status=OK
2026-10-09 00:03:55 db=demo-db session=sess-047 duration_ms=707 operation=ROLLBACK table=users rows=237 status=OK
2026-10-09 00:04:00 db=demo-db session=sess-048 duration_ms=563 operation=UPDATE table=events rows=149 status=OK
2026-10-09 00:04:05 db=demo-db session=sess-049 duration_ms=753 operation=COMMIT table=events rows=239 status=OK
2026-10-09 00:04:10 db=demo-db session=sess-050 duration_ms=1150 operation=COMMIT table=audit_records rows=168 status=OK
2026-10-09 00:04:15 db=demo-db session=sess-051 duration_ms=159 operation=COMMIT table=sessions rows=26 status=OK
2026-10-09 00:04:20 db=demo-db session=sess-052 duration_ms=574 operation=INSERT table=orders rows=144 status=OK
2026-10-09 00:04:25 db=demo-db session=sess-053 duration_ms=260 operation=COMMIT table=config rows=165 status=SLOW
2026-10-09 00:04:30 db=demo-db session=sess-054 duration_ms=677 operation=COMMIT table=config rows=154 status=OK
2026-10-09 00:04:35 db=demo-db session=sess-055 duration_ms=1654 operation=ROLLBACK table=config rows=171 status=SLOW
2026-10-09 00:04:40 db=demo-db session=sess-056 duration_ms=429 operation=INSERT table=users rows=200 status=OK
2026-10-09 00:04:45 db=demo-db session=sess-057 duration_ms=444 operation=SELECT table=config rows=37 status=OK
2026-10-09 00:04:50 db=demo-db session=sess-058 duration_ms=338 operation=DELETE table=users rows=82 status=OK
2026-10-09 00:04:55 db=demo-db session=sess-059 duration_ms=107 operation=INSERT table=config rows=206 status=SLOW
2026-10-09 00:05:00 db=demo-db session=sess-060 duration_ms=872 operation=ROLLBACK table=events rows=83 status=OK
2026-10-09 00:05:05 db=demo-db session=sess-061 duration_ms=1025 operation=SELECT table=sessions rows=143 status=SLOW
2026-10-09 00:05:10 db=demo-db session=sess-062 duration_ms=773 operation=DELETE table=audit_records rows=121 status=OK
2026-10-09 00:05:15 db=demo-db session=sess-063 duration_ms=639 operation=COMMIT table=orders rows=135 status=OK
2026-10-09 00:05:20 db=demo-db session=sess-064 duration_ms=1240 operation=INSERT table=sessions rows=242 status=OK
2026-10-09 00:05:25 db=demo-db session=sess-065 duration_ms=1457 operation=INSERT table=events rows=143 status=SLOW
2026-10-09 00:05:30 db=demo-db session=sess-066 duration_ms=1004 operation=ROLLBACK table=orders rows=175 status=OK
2026-10-09 00:05:35 db=demo-db session=sess-067 duration_ms=1143 operation=DELETE table=audit_records rows=89 status=OK
2026-10-09 00:05:40 db=demo-db session=sess-068 duration_ms=52 operation=UPDATE table=events rows=197 status=OK
2026-10-09 00:05:45 db=demo-db session=sess-069 duration_ms=1492 operation=DELETE table=sessions rows=157 status=RETRY
2026-10-09 00:05:50 db=demo-db session=sess-070 duration_ms=1795 operation=INSERT table=events rows=95 status=OK
2026-10-09 00:05:55 db=demo-db session=sess-071 duration_ms=1532 operation=SELECT table=sessions rows=113 status=OK
2026-10-09 00:06:00 db=demo-db session=sess-072 duration_ms=1078 operation=INSERT table=users rows=150 status=OK
2026-10-09 00:06:05 db=demo-db session=sess-073 duration_ms=673 operation=SELECT table=orders rows=234 status=OK
2026-10-09 00:06:10 db=demo-db session=sess-074 duration_ms=1030 operation=SELECT table=config rows=69 status=OK
2026-10-09 00:06:15 db=demo-db session=sess-075 duration_ms=1326 operation=UPDATE table=audit_records rows=122 status=SLOW
2026-10-09 00:06:20 db=demo-db session=sess-076 duration_ms=90 operation=ROLLBACK table=audit_records rows=64 status=OK
2026-10-09 00:06:25 db=demo-db session=sess-077 duration_ms=1281 operation=SELECT table=config rows=210 status=OK
2026-10-09 00:06:30 db=demo-db session=sess-078 duration_ms=1768 operation=ROLLBACK table=events rows=155 status=SLOW
2026-10-09 00:06:35 db=demo-db session=sess-079 duration_ms=1005 operation=INSERT table=events rows=191 status=RETRY
2026-10-09 00:06:40 db=demo-db session=sess-000 duration_ms=1654 operation=SELECT table=users rows=94 status=OK
2026-10-09 00:06:45 db=demo-db session=sess-001 duration_ms=1256 operation=ROLLBACK table=sessions rows=180 status=OK
2026-10-09 00:06:50 db=demo-db session=sess-002 duration_ms=1784 operation=INSERT table=users rows=107 status=OK
2026-10-09 00:06:55 db=demo-db session=sess-003 duration_ms=115 operation=DELETE table=audit_records rows=181 status=OK
2026-10-09 00:07:00 db=demo-db session=sess-004 duration_ms=644 operation=SELECT table=config rows=71 status=OK
2026-10-09 00:07:05 db=demo-db session=sess-005 duration_ms=1342 operation=COMMIT table=audit_records rows=4 status=OK
2026-10-09 00:07:10 db=demo-db session=sess-006 duration_ms=1715 operation=ROLLBACK table=orders rows=229 status=OK
2026-10-09 00:07:15 db=demo-db session=sess-007 duration_ms=1202 operation=ROLLBACK table=orders rows=132 status=OK
2026-10-09 00:07:20 db=demo-db session=sess-008 duration_ms=1361 operation=DELETE table=events rows=214 status=OK
2026-10-09 00:07:25 db=demo-db session=sess-009 duration_ms=134 operation=INSERT table=config rows=37 status=OK
2026-10-09 00:07:30 db=demo-db session=sess-010 duration_ms=172 operation=INSERT table=events rows=11 status=OK
2026-10-09 00:07:35 db=demo-db session=sess-011 duration_ms=1247 operation=INSERT table=audit_records rows=129 status=SLOW
2026-10-09 00:07:40 db=demo-db session=sess-012 duration_ms=355 operation=ROLLBACK table=audit_records rows=215 status=OK
2026-10-09 00:07:45 db=demo-db session=sess-013 duration_ms=638 operation=UPDATE table=config rows=89 status=OK
2026-10-09 00:07:50 db=demo-db session=sess-014 duration_ms=700 operation=DELETE table=config rows=214 status=OK
2026-10-09 00:07:55 db=demo-db session=sess-015 duration_ms=1160 operation=DELETE table=users rows=29 status=OK
2026-10-09 00:08:00 db=demo-db session=sess-016 duration_ms=374 operation=ROLLBACK table=users rows=47 status=OK
2026-10-09 00:08:05 db=demo-db session=sess-017 duration_ms=1211 operation=ROLLBACK table=users rows=196 status=OK
2026-10-09 00:08:10 db=demo-db session=sess-018 duration_ms=1616 operation=SELECT table=sessions rows=163 status=OK
2026-10-09 00:08:15 db=demo-db session=sess-019 duration_ms=943 operation=SELECT table=audit_records rows=241 status=OK
2026-10-09 00:08:20 db=demo-db session=sess-020 duration_ms=631 operation=ROLLBACK table=audit_records rows=241 status=OK
2026-10-09 00:08:25 db=demo-db session=sess-021 duration_ms=1531 operation=ROLLBACK table=sessions rows=79 status=OK
2026-10-09 00:08:30 db=demo-db session=sess-022 duration_ms=777 operation=ROLLBACK table=orders rows=45 status=OK
2026-10-09 00:08:35 db=demo-db session=sess-023 duration_ms=288 operation=COMMIT table=orders rows=105 status=OK
2026-10-09 00:08:40 db=demo-db session=sess-024 duration_ms=1711 operation=INSERT table=orders rows=226 status=OK
2026-10-09 00:08:45 db=demo-db session=sess-025 duration_ms=363 operation=UPDATE table=orders rows=178 status=SLOW
2026-10-09 00:08:50 db=demo-db session=sess-026 duration_ms=542 operation=SELECT table=events rows=90 status=RETRY
2026-10-09 00:08:55 db=demo-db session=sess-027 duration_ms=745 operation=UPDATE table=audit_records rows=133 status=SLOW
2026-10-09 00:09:00 db=demo-db session=sess-028 duration_ms=1699 operation=ROLLBACK table=audit_records rows=212 status=OK
2026-10-09 00:09:05 db=demo-db session=sess-029 duration_ms=76 operation=COMMIT table=events rows=39 status=RETRY
2026-10-09 00:09:10 db=demo-db session=sess-030 duration_ms=1165 operation=INSERT table=audit_records rows=111 status=OK
2026-10-09 00:09:15 db=demo-db session=sess-031 duration_ms=1324 operation=ROLLBACK table=orders rows=53 status=OK
2026-10-09 00:09:20 db=demo-db session=sess-032 duration_ms=1433 operation=COMMIT table=config rows=212 status=OK
2026-10-09 00:09:25 db=demo-db session=sess-033 duration_ms=186 operation=COMMIT table=sessions rows=66 status=OK
2026-10-09 00:09:30 db=demo-db session=sess-034 duration_ms=958 operation=UPDATE table=users rows=236 status=OK
2026-10-09 00:09:35 db=demo-db session=sess-035 duration_ms=1059 operation=ROLLBACK table=audit_records rows=47 status=SLOW
2026-10-09 00:09:40 db=demo-db session=sess-036 duration_ms=287 operation=DELETE table=config rows=82 status=OK
2026-10-09 00:09:45 db=demo-db session=sess-037 duration_ms=1155 operation=DELETE table=audit_records rows=150 status=OK
2026-10-09 00:09:50 db=demo-db session=sess-038 duration_ms=661 operation=ROLLBACK table=users rows=161 status=OK
2026-10-09 00:09:55 db=demo-db session=sess-039 duration_ms=1781 operation=SELECT table=sessions rows=107 status=SLOW
2026-10-09 00:10:00 db=demo-db session=sess-040 duration_ms=686 operation=UPDATE table=audit_records rows=231 status=OK
2026-10-09 00:10:05 db=demo-db session=sess-041 duration_ms=384 operation=UPDATE table=orders rows=41 status=SLOW
2026-10-09 00:10:10 db=demo-db session=sess-042 duration_ms=1120 operation=INSERT table=users rows=112 status=RETRY
2026-10-09 00:10:15 db=demo-db session=sess-043 duration_ms=935 operation=COMMIT table=config rows=177 status=SLOW
2026-10-09 00:10:20 db=demo-db session=sess-044 duration_ms=1497 operation=DELETE table=events rows=213 status=OK
2026-10-09 00:10:25 db=demo-db session=sess-045 duration_ms=518 operation=ROLLBACK table=orders rows=153 status=OK
2026-10-09 00:10:30 db=demo-db session=sess-046 duration_ms=989 operation=ROLLBACK table=events rows=76 status=OK
2026-10-09 00:10:35 db=demo-db session=sess-047 duration_ms=1797 operation=INSERT table=config rows=27 status=SLOW
2026-10-09 00:10:40 db=demo-db session=sess-048 duration_ms=873 operation=UPDATE table=config rows=102 status=RETRY
2026-10-09 00:10:45 db=demo-db session=sess-049 duration_ms=59 operation=INSERT table=config rows=42 status=OK
2026-10-09 00:10:50 db=demo-db session=sess-050 duration_ms=1223 operation=ROLLBACK table=config rows=50 status=RETRY
2026-10-09 00:10:55 db=demo-db session=sess-051 duration_ms=1540 operation=INSERT table=sessions rows=169 status=OK
2026-10-09 00:11:00 db=demo-db session=sess-052 duration_ms=1615 operation=SELECT table=users rows=79 status=OK
2026-10-09 00:11:05 db=demo-db session=sess-053 duration_ms=1642 operation=UPDATE table=events rows=101 status=OK
2026-10-09 00:11:10 db=demo-db session=sess-054 duration_ms=944 operation=SELECT table=audit_records rows=37 status=OK
2026-10-09 00:11:15 db=demo-db session=sess-055 duration_ms=353 operation=UPDATE table=orders rows=20 status=OK
2026-10-09 00:11:20 db=demo-db session=sess-056 duration_ms=484 operation=INSERT table=events rows=23 status=OK
2026-10-09 00:11:25 db=demo-db session=sess-057 duration_ms=316 operation=ROLLBACK table=config rows=216 status=OK
2026-10-09 00:11:30 db=demo-db session=sess-058 duration_ms=11 operation=DELETE table=sessions rows=88 status=OK
2026-10-09 00:11:35 db=demo-db session=sess-059 duration_ms=965 operation=COMMIT table=audit_records rows=100 status=OK
2026-10-09 00:11:40 db=demo-db session=sess-060 duration_ms=968 operation=ROLLBACK table=events rows=212 status=SLOW
2026-10-09 00:11:45 db=demo-db session=sess-061 duration_ms=1447 operation=INSERT table=users rows=99 status=OK
2026-10-09 00:11:50 db=demo-db session=sess-062 duration_ms=652 operation=INSERT table=events rows=197 status=OK
2026-10-09 00:11:55 db=demo-db session=sess-063 duration_ms=580 operation=ROLLBACK table=audit_records rows=223 status=SLOW
2026-10-09 00:12:00 db=demo-db session=sess-064 duration_ms=1223 operation=DELETE table=config rows=18 status=OK
2026-10-09 00:12:05 db=demo-db session=sess-065 duration_ms=1001 operation=ROLLBACK table=audit_records rows=248 status=RETRY
2026-10-09 00:12:10 db=demo-db session=sess-066 duration_ms=56 operation=INSERT table=config rows=45 status=OK
2026-10-09 00:12:15 db=demo-db session=sess-067 duration_ms=756 operation=UPDATE table=orders rows=128 status=OK
2026-10-09 00:12:20 db=demo-db session=sess-068 duration_ms=1251 operation=COMMIT table=events rows=234 status=OK
2026-10-09 00:12:25 db=demo-db session=sess-069 duration_ms=1323 operation=INSERT table=sessions rows=127 status=OK
2026-10-09 00:12:30 db=demo-db session=sess-070 duration_ms=91 operation=INSERT table=orders rows=111 status=OK
2026-10-09 00:12:35 db=demo-db session=sess-071 duration_ms=696 operation=DELETE table=audit_records rows=46 status=SLOW
2026-10-09 00:12:40 db=demo-db session=sess-072 duration_ms=309 operation=UPDATE table=orders rows=99 status=SLOW
2026-10-09 00:12:45 db=demo-db session=sess-073 duration_ms=72 operation=UPDATE table=events rows=45 status=OK
2026-10-09 00:12:50 db=demo-db session=sess-074 duration_ms=816 operation=ROLLBACK table=config rows=213 status=OK
2026-10-09 00:12:55 db=demo-db session=sess-075 duration_ms=953 operation=SELECT table=orders rows=175 status=OK
2026-10-09 00:13:00 db=demo-db session=sess-076 duration_ms=1344 operation=DELETE table=users rows=41 status=OK
2026-10-09 00:13:05 db=demo-db session=sess-077 duration_ms=264 operation=COMMIT table=config rows=98 status=SLOW
2026-10-09 00:13:10 db=demo-db session=sess-078 duration_ms=24 operation=DELETE table=audit_records rows=245 status=SLOW
2026-10-09 00:13:15 db=demo-db session=sess-079 duration_ms=866 operation=SELECT table=orders rows=108 status=OK
2026-10-09 00:13:20 db=demo-db session=sess-000 duration_ms=1520 operation=ROLLBACK table=users rows=154 status=SLOW
2026-10-09 00:13:25 db=demo-db session=sess-001 duration_ms=1029 operation=UPDATE table=events rows=182 status=OK
2026-10-09 00:13:30 db=demo-db session=sess-002 duration_ms=1729 operation=COMMIT table=orders rows=28 status=OK
2026-10-09 00:13:35 db=demo-db session=sess-003 duration_ms=869 operation=COMMIT table=events rows=222 status=OK
2026-10-09 00:13:40 db=demo-db session=sess-004 duration_ms=308 operation=SELECT table=orders rows=242 status=RETRY
2026-10-09 00:13:45 db=demo-db session=sess-005 duration_ms=529 operation=INSERT table=config rows=208 status=RETRY
2026-10-09 00:13:50 db=demo-db session=sess-006 duration_ms=1491 operation=DELETE table=events rows=12 status=SLOW
2026-10-09 00:13:55 db=demo-db session=sess-007 duration_ms=577 operation=SELECT table=users rows=222 status=SLOW
2026-10-09 00:14:00 db=demo-db session=sess-008 duration_ms=943 operation=UPDATE table=users rows=227 status=RETRY
2026-10-09 00:14:05 db=demo-db session=sess-009 duration_ms=1406 operation=UPDATE table=orders rows=108 status=OK
2026-10-09 00:14:10 db=demo-db session=sess-010 duration_ms=1383 operation=UPDATE table=users rows=138 status=OK
2026-10-09 00:14:15 db=demo-db session=sess-011 duration_ms=367 operation=UPDATE table=orders rows=106 status=OK
2026-10-09 00:14:20 db=demo-db session=sess-012 duration_ms=915 operation=UPDATE table=orders rows=162 status=OK
2026-10-09 00:14:25 db=demo-db session=sess-013 duration_ms=1221 operation=SELECT table=orders rows=187 status=OK
2026-10-09 00:14:30 db=demo-db session=sess-014 duration_ms=1089 operation=ROLLBACK table=events rows=63 status=OK
2026-10-09 00:14:35 db=demo-db session=sess-015 duration_ms=173 operation=COMMIT table=users rows=32 status=OK
2026-10-09 00:14:40 db=demo-db session=sess-016 duration_ms=1297 operation=DELETE table=events rows=228 status=OK
2026-10-09 00:14:45 db=demo-db session=sess-017 duration_ms=708 operation=DELETE table=audit_records rows=158 status=OK
2026-10-09 00:14:50 db=demo-db session=sess-018 duration_ms=1691 operation=ROLLBACK table=config rows=145 status=SLOW
2026-10-09 00:14:55 db=demo-db session=sess-019 duration_ms=84 operation=SELECT table=orders rows=95 status=OK
2026-10-09 00:15:00 db=demo-db session=sess-020 duration_ms=301 operation=COMMIT table=audit_records rows=163 status=OK
2026-10-09 00:15:05 db=demo-db session=sess-021 duration_ms=783 operation=COMMIT table=audit_records rows=20 status=OK
2026-10-09 00:15:10 db=demo-db session=sess-022 duration_ms=1305 operation=ROLLBACK table=orders rows=108 status=SLOW
2026-10-09 00:15:15 db=demo-db session=sess-023 duration_ms=46 operation=INSERT table=audit_records rows=65 status=OK
2026-10-09 00:15:20 db=demo-db session=sess-024 duration_ms=1714 operation=DELETE table=users rows=203 status=OK
2026-10-09 00:15:25 db=demo-db session=sess-025 duration_ms=1170 operation=UPDATE table=orders rows=157 status=RETRY
2026-10-09 00:15:30 db=demo-db session=sess-026 duration_ms=1105 operation=INSERT table=audit_records rows=204 status=OK
2026-10-09 00:15:35 db=demo-db session=sess-027 duration_ms=767 operation=COMMIT table=events rows=55 status=SLOW
2026-10-09 00:15:40 db=demo-db session=sess-028 duration_ms=563 operation=ROLLBACK table=audit_records rows=199 status=OK
2026-10-09 00:15:45 db=demo-db session=sess-029 duration_ms=567 operation=COMMIT table=audit_records rows=11 status=RETRY
2026-10-09 00:15:50 db=demo-db session=sess-030 duration_ms=817 operation=INSERT table=audit_records rows=72 status=OK
2026-10-09 00:15:55 db=demo-db session=sess-031 duration_ms=11 operation=DELETE table=sessions rows=4 status=SLOW
2026-10-09 00:16:00 db=demo-db session=sess-032 duration_ms=1346 operation=INSERT table=orders rows=68 status=SLOW
2026-10-09 00:16:05 db=demo-db session=sess-033 duration_ms=1227 operation=ROLLBACK table=orders rows=24 status=OK
2026-10-09 00:16:10 db=demo-db session=sess-034 duration_ms=461 operation=SELECT table=audit_records rows=83 status=OK
2026-10-09 00:16:15 db=demo-db session=sess-035 duration_ms=131 operation=COMMIT table=orders rows=186 status=RETRY
2026-10-09 00:16:20 db=demo-db session=sess-036 duration_ms=1694 operation=DELETE table=config rows=107 status=RETRY
2026-10-09 00:16:25 db=demo-db session=sess-037 duration_ms=674 operation=COMMIT table=events rows=121 status=RETRY
2026-10-09 00:16:30 db=demo-db session=sess-038 duration_ms=26 operation=UPDATE table=orders rows=81 status=OK
2026-10-09 00:16:35 db=demo-db session=sess-039 duration_ms=1685 operation=DELETE table=sessions rows=118 status=SLOW
2026-10-09 00:16:40 db=demo-db session=sess-040 duration_ms=432 operation=COMMIT table=audit_records rows=43 status=SLOW
2026-10-09 00:16:45 db=demo-db session=sess-041 duration_ms=524 operation=DELETE table=users rows=169 status=RETRY
2026-10-09 00:16:50 db=demo-db session=sess-042 duration_ms=161 operation=ROLLBACK table=events rows=143 status=OK
2026-10-09 00:16:55 db=demo-db session=sess-043 duration_ms=171 operation=INSERT table=audit_records rows=135 status=OK
2026-10-09 00:17:00 db=demo-db session=sess-044 duration_ms=623 operation=UPDATE table=orders rows=115 status=SLOW
2026-10-09 00:17:05 db=demo-db session=sess-045 duration_ms=61 operation=INSERT table=config rows=149 status=OK
2026-10-09 00:17:10 db=demo-db session=sess-046 duration_ms=1279 operation=UPDATE table=config rows=110 status=SLOW
2026-10-09 00:17:15 db=demo-db session=sess-047 duration_ms=1567 operation=SELECT table=orders rows=142 status=SLOW
2026-10-09 00:17:20 db=demo-db session=sess-048 duration_ms=481 operation=DELETE table=config rows=33 status=SLOW
2026-10-09 00:17:25 db=demo-db session=sess-049 duration_ms=1244 operation=SELECT table=users rows=101 status=OK
2026-10-09 00:17:30 db=demo-db session=sess-050 duration_ms=433 operation=SELECT table=config rows=74 status=OK
2026-10-09 00:17:35 db=demo-db session=sess-051 duration_ms=1772 operation=INSERT table=audit_records rows=250 status=SLOW
2026-10-09 00:17:40 db=demo-db session=sess-052 duration_ms=1127 operation=DELETE table=orders rows=192 status=OK
2026-10-09 00:17:45 db=demo-db session=sess-053 duration_ms=857 operation=COMMIT table=orders rows=81 status=OK
2026-10-09 00:17:50 db=demo-db session=sess-054 duration_ms=1291 operation=SELECT table=audit_records rows=226 status=OK
2026-10-09 00:17:55 db=demo-db session=sess-055 duration_ms=1029 operation=COMMIT table=config rows=100 status=OK
2026-10-09 00:18:00 db=demo-db session=sess-056 duration_ms=1760 operation=DELETE table=events rows=193 status=SLOW
2026-10-09 00:18:05 db=demo-db session=sess-057 duration_ms=587 operation=DELETE table=sessions rows=236 status=OK
2026-10-09 00:18:10 db=demo-db session=sess-058 duration_ms=820 operation=UPDATE table=users rows=136 status=OK
2026-10-09 00:18:15 db=demo-db session=sess-059 duration_ms=1563 operation=DELETE table=audit_records rows=44 status=OK
2026-10-09 00:18:20 db=demo-db session=sess-060 duration_ms=786 operation=COMMIT table=audit_records rows=107 status=SLOW
2026-10-09 00:18:25 db=demo-db session=sess-061 duration_ms=841 operation=INSERT table=audit_records rows=7 status=RETRY
2026-10-09 00:18:30 db=demo-db session=sess-062 duration_ms=460 operation=INSERT table=config rows=158 status=RETRY
2026-10-09 00:18:35 db=demo-db session=sess-063 duration_ms=165 operation=COMMIT table=config rows=187 status=SLOW
2026-10-09 00:18:40 db=demo-db session=sess-064 duration_ms=47 operation=UPDATE table=config rows=63 status=OK
2026-10-09 00:18:45 db=demo-db session=sess-065 duration_ms=1166 operation=ROLLBACK table=events rows=175 status=OK
2026-10-09 00:18:50 db=demo-db session=sess-066 duration_ms=759 operation=SELECT table=audit_records rows=153 status=SLOW
2026-10-09 00:18:55 db=demo-db session=sess-067 duration_ms=1131 operation=COMMIT table=sessions rows=217 status=OK
2026-10-09 00:19:00 db=demo-db session=sess-068 duration_ms=938 operation=UPDATE table=audit_records rows=223 status=OK
2026-10-09 00:19:05 db=demo-db session=sess-069 duration_ms=359 operation=DELETE table=audit_records rows=235 status=OK
2026-10-09 00:19:10 db=demo-db session=sess-070 duration_ms=661 operation=INSERT table=orders rows=16 status=OK
2026-10-09 00:19:15 db=demo-db session=sess-071 duration_ms=424 operation=COMMIT table=events rows=117 status=OK
2026-10-09 00:19:20 db=demo-db session=sess-072 duration_ms=1401 operation=COMMIT table=events rows=61 status=OK
2026-10-09 00:19:25 db=demo-db session=sess-073 duration_ms=945 operation=COMMIT table=audit_records rows=28 status=RETRY
2026-10-09 00:19:30 db=demo-db session=sess-074 duration_ms=1716 operation=UPDATE table=sessions rows=62 status=SLOW
2026-10-09 00:19:35 db=demo-db session=sess-075 duration_ms=1479 operation=SELECT table=users rows=191 status=OK
2026-10-09 00:19:40 db=demo-db session=sess-076 duration_ms=1397 operation=ROLLBACK table=events rows=221 status=RETRY
2026-10-09 00:19:45 db=demo-db session=sess-077 duration_ms=963 operation=DELETE table=users rows=200 status=SLOW
2026-10-09 00:19:50 db=demo-db session=sess-078 duration_ms=533 operation=ROLLBACK table=config rows=30 status=RETRY
2026-10-09 00:19:55 db=demo-db session=sess-079 duration_ms=1326 operation=COMMIT table=audit_records rows=6 status=SLOW
2026-10-09 00:20:00 db=demo-db session=sess-000 duration_ms=985 operation=ROLLBACK table=users rows=74 status=SLOW
2026-10-09 00:20:05 db=demo-db session=sess-001 duration_ms=1697 operation=ROLLBACK table=users rows=93 status=SLOW
2026-10-09 00:20:10 db=demo-db session=sess-002 duration_ms=1468 operation=COMMIT table=audit_records rows=166 status=SLOW
2026-10-09 00:20:15 db=demo-db session=sess-003 duration_ms=878 operation=SELECT table=users rows=37 status=OK
2026-10-09 00:20:20 db=demo-db session=sess-004 duration_ms=1553 operation=COMMIT table=users rows=184 status=OK
2026-10-09 00:20:25 db=demo-db session=sess-005 duration_ms=751 operation=DELETE table=audit_records rows=86 status=OK
2026-10-09 00:20:30 db=demo-db session=sess-006 duration_ms=498 operation=DELETE table=sessions rows=67 status=OK
2026-10-09 00:20:35 db=demo-db session=sess-007 duration_ms=676 operation=ROLLBACK table=audit_records rows=18 status=SLOW
2026-10-09 00:20:40 db=demo-db session=sess-008 duration_ms=1453 operation=DELETE table=sessions rows=193 status=OK
2026-10-09 00:20:45 db=demo-db session=sess-009 duration_ms=702 operation=UPDATE table=audit_records rows=113 status=OK
2026-10-09 00:20:50 db=demo-db session=sess-010 duration_ms=1613 operation=DELETE table=audit_records rows=66 status=RETRY
2026-10-09 00:20:55 db=demo-db session=sess-011 duration_ms=564 operation=COMMIT table=users rows=194 status=OK
2026-10-09 00:21:00 db=demo-db session=sess-012 duration_ms=304 operation=COMMIT table=orders rows=6 status=OK
2026-10-09 00:21:05 db=demo-db session=sess-013 duration_ms=760 operation=COMMIT table=orders rows=182 status=OK
2026-10-09 00:21:10 db=demo-db session=sess-014 duration_ms=629 operation=ROLLBACK table=sessions rows=145 status=OK
2026-10-09 00:21:15 db=demo-db session=sess-015 duration_ms=974 operation=ROLLBACK table=events rows=172 status=OK
2026-10-09 00:21:20 db=demo-db session=sess-016 duration_ms=317 operation=ROLLBACK table=audit_records rows=32 status=OK
2026-10-09 00:21:25 db=demo-db session=sess-017 duration_ms=1245 operation=UPDATE table=events rows=65 status=OK
2026-10-09 00:21:30 db=demo-db session=sess-018 duration_ms=58 operation=INSERT table=config rows=77 status=OK
2026-10-09 00:21:35 db=demo-db session=sess-019 duration_ms=1197 operation=SELECT table=orders rows=93 status=RETRY
2026-10-09 00:21:40 db=demo-db session=sess-020 duration_ms=1527 operation=COMMIT table=events rows=122 status=RETRY
2026-10-09 00:21:45 db=demo-db session=sess-021 duration_ms=349 operation=UPDATE table=audit_records rows=39 status=RETRY
2026-10-09 00:21:50 db=demo-db session=sess-022 duration_ms=1747 operation=COMMIT table=orders rows=133 status=OK
2026-10-09 00:21:55 db=demo-db session=sess-023 duration_ms=775 operation=DELETE table=audit_records rows=43 status=RETRY
2026-10-09 00:22:00 db=demo-db session=sess-024 duration_ms=988 operation=INSERT table=events rows=229 status=SLOW
2026-10-09 00:22:05 db=demo-db session=sess-025 duration_ms=30 operation=ROLLBACK table=users rows=87 status=OK
2026-10-09 00:22:10 db=demo-db session=sess-026 duration_ms=634 operation=INSERT table=sessions rows=38 status=OK
2026-10-09 00:22:15 db=demo-db session=sess-027 duration_ms=1247 operation=ROLLBACK table=users rows=166 status=OK
2026-10-09 00:22:20 db=demo-db session=sess-028 duration_ms=731 operation=DELETE table=events rows=145 status=OK
2026-10-09 00:22:25 db=demo-db session=sess-029 duration_ms=1721 operation=ROLLBACK table=config rows=229 status=OK
2026-10-09 00:22:30 db=demo-db session=sess-030 duration_ms=1519 operation=INSERT table=orders rows=170 status=OK
2026-10-09 00:22:35 db=demo-db session=sess-031 duration_ms=817 operation=ROLLBACK table=users rows=243 status=OK
2026-10-09 00:22:40 db=demo-db session=sess-032 duration_ms=1040 operation=SELECT table=orders rows=141 status=RETRY
2026-10-09 00:22:45 db=demo-db session=sess-033 duration_ms=1734 operation=ROLLBACK table=config rows=223 status=OK
2026-10-09 00:22:50 db=demo-db session=sess-034 duration_ms=1635 operation=SELECT table=events rows=145 status=RETRY
2026-10-09 00:22:55 db=demo-db session=sess-035 duration_ms=508 operation=INSERT table=orders rows=204 status=OK
2026-10-09 00:23:00 db=demo-db session=sess-036 duration_ms=1413 operation=ROLLBACK table=sessions rows=58 status=SLOW
2026-10-09 00:23:05 db=demo-db session=sess-037 duration_ms=364 operation=SELECT table=config rows=68 status=RETRY
2026-10-09 00:23:10 db=demo-db session=sess-038 duration_ms=569 operation=SELECT table=audit_records rows=48 status=OK
2026-10-09 00:23:15 db=demo-db session=sess-039 duration_ms=272 operation=COMMIT table=orders rows=15 status=OK
2026-10-09 00:23:20 db=demo-db session=sess-040 duration_ms=467 operation=INSERT table=config rows=194 status=RETRY
2026-10-09 00:23:25 db=demo-db session=sess-041 duration_ms=978 operation=DELETE table=users rows=137 status=OK
2026-10-09 00:23:30 db=demo-db session=sess-042 duration_ms=654 operation=ROLLBACK table=users rows=50 status=SLOW
2026-10-09 00:23:35 db=demo-db session=sess-043 duration_ms=239 operation=DELETE table=users rows=121 status=OK
2026-10-09 00:23:40 db=demo-db session=sess-044 duration_ms=205 operation=COMMIT table=config rows=55 status=RETRY
2026-10-09 00:23:45 db=demo-db session=sess-045 duration_ms=998 operation=UPDATE table=config rows=2 status=RETRY
2026-10-09 00:23:50 db=demo-db session=sess-046 duration_ms=881 operation=SELECT table=audit_records rows=226 status=SLOW
2026-10-09 00:23:55 db=demo-db session=sess-047 duration_ms=1593 operation=ROLLBACK table=sessions rows=150 status=RETRY
2026-10-09 00:24:00 db=demo-db session=sess-048 duration_ms=1548 operation=DELETE table=users rows=64 status=SLOW
2026-10-09 00:24:05 db=demo-db session=sess-049 duration_ms=1232 operation=UPDATE table=events rows=161 status=OK
2026-10-09 00:24:10 db=demo-db session=sess-050 duration_ms=674 operation=COMMIT table=events rows=131 status=OK
2026-10-09 00:24:15 db=demo-db session=sess-051 duration_ms=1322 operation=UPDATE table=orders rows=222 status=RETRY
2026-10-09 00:24:20 db=demo-db session=sess-052 duration_ms=510 operation=UPDATE table=orders rows=173 status=RETRY
2026-10-09 00:24:25 db=demo-db session=sess-053 duration_ms=1031 operation=UPDATE table=audit_records rows=112 status=OK
2026-10-09 00:24:30 db=demo-db session=sess-054 duration_ms=1550 operation=INSERT table=events rows=1 status=OK
2026-10-09 00:24:35 db=demo-db session=sess-055 duration_ms=1044 operation=DELETE table=events rows=41 status=OK
2026-10-09 00:24:40 db=demo-db session=sess-056 duration_ms=135 operation=DELETE table=audit_records rows=77 status=OK
2026-10-09 00:24:45 db=demo-db session=sess-057 duration_ms=1766 operation=DELETE table=orders rows=163 status=RETRY
2026-10-09 00:24:50 db=demo-db session=sess-058 duration_ms=1685 operation=INSERT table=sessions rows=199 status=OK
2026-10-09 00:24:55 db=demo-db session=sess-059 duration_ms=1563 operation=INSERT table=sessions rows=78 status=RETRY
2026-10-09 00:25:00 db=demo-db session=sess-060 duration_ms=626 operation=UPDATE table=config rows=120 status=OK
2026-10-09 00:25:05 db=demo-db session=sess-061 duration_ms=1403 operation=UPDATE table=config rows=53 status=RETRY
2026-10-09 00:25:10 db=demo-db session=sess-062 duration_ms=1377 operation=INSERT table=orders rows=40 status=OK
2026-10-09 00:25:15 db=demo-db session=sess-063 duration_ms=1570 operation=DELETE table=sessions rows=218 status=OK
2026-10-09 00:25:20 db=demo-db session=sess-064 duration_ms=1250 operation=ROLLBACK table=sessions rows=83 status=RETRY
2026-10-09 00:25:25 db=demo-db session=sess-065 duration_ms=971 operation=ROLLBACK table=config rows=201 status=SLOW
2026-10-09 00:25:30 db=demo-db session=sess-066 duration_ms=1597 operation=ROLLBACK table=orders rows=58 status=OK
2026-10-09 00:25:35 db=demo-db session=sess-067 duration_ms=967 operation=UPDATE table=orders rows=37 status=OK
2026-10-09 00:25:40 db=demo-db session=sess-068 duration_ms=684 operation=ROLLBACK table=orders rows=212 status=OK
2026-10-09 00:25:45 db=demo-db session=sess-069 duration_ms=922 operation=UPDATE table=events rows=144 status=SLOW
2026-10-09 00:25:50 db=demo-db session=sess-070 duration_ms=1562 operation=DELETE table=users rows=195 status=SLOW
2026-10-09 00:25:55 db=demo-db session=sess-071 duration_ms=114 operation=DELETE table=orders rows=165 status=OK
2026-10-09 00:26:00 db=demo-db session=sess-072 duration_ms=936 operation=UPDATE table=users rows=209 status=OK
2026-10-09 00:26:05 db=demo-db session=sess-073 duration_ms=428 operation=ROLLBACK table=audit_records rows=65 status=OK
2026-10-09 00:26:10 db=demo-db session=sess-074 duration_ms=1706 operation=UPDATE table=users rows=82 status=SLOW
2026-10-09 00:26:15 db=demo-db session=sess-075 duration_ms=1620 operation=DELETE table=orders rows=142 status=RETRY
2026-10-09 00:26:20 db=demo-db session=sess-076 duration_ms=1514 operation=INSERT table=sessions rows=158 status=RETRY
2026-10-09 00:26:25 db=demo-db session=sess-077 duration_ms=902 operation=UPDATE table=users rows=19 status=OK
2026-10-09 00:26:30 db=demo-db session=sess-078 duration_ms=329 operation=UPDATE table=audit_records rows=122 status=RETRY
2026-10-09 00:26:35 db=demo-db session=sess-079 duration_ms=963 operation=SELECT table=audit_records rows=99 status=SLOW
2026-10-09 00:26:40 db=demo-db session=sess-000 duration_ms=512 operation=UPDATE table=config rows=150 status=SLOW
2026-10-09 00:26:45 db=demo-db session=sess-001 duration_ms=122 operation=SELECT table=users rows=163 status=OK
2026-10-09 00:26:50 db=demo-db session=sess-002 duration_ms=566 operation=COMMIT table=orders rows=112 status=OK
2026-10-09 00:26:55 db=demo-db session=sess-003 duration_ms=228 operation=DELETE table=sessions rows=225 status=OK
2026-10-09 00:27:00 db=demo-db session=sess-004 duration_ms=665 operation=ROLLBACK table=events rows=211 status=OK
2026-10-09 00:27:05 db=demo-db session=sess-005 duration_ms=1790 operation=INSERT table=config rows=76 status=RETRY
2026-10-09 00:27:10 db=demo-db session=sess-006 duration_ms=410 operation=COMMIT table=users rows=112 status=OK
2026-10-09 00:27:15 db=demo-db session=sess-007 duration_ms=672 operation=COMMIT table=config rows=195 status=OK
2026-10-09 00:27:20 db=demo-db session=sess-008 duration_ms=1141 operation=COMMIT table=orders rows=176 status=OK
2026-10-09 00:27:25 db=demo-db session=sess-009 duration_ms=288 operation=SELECT table=audit_records rows=182 status=OK
2026-10-09 00:27:30 db=demo-db session=sess-010 duration_ms=1748 operation=UPDATE table=events rows=191 status=OK
2026-10-09 00:27:35 db=demo-db session=sess-011 duration_ms=378 operation=UPDATE table=events rows=58 status=SLOW
2026-10-09 00:27:40 db=demo-db session=sess-012 duration_ms=742 operation=UPDATE table=sessions rows=173 status=OK
2026-10-09 00:27:45 db=demo-db session=sess-013 duration_ms=523 operation=COMMIT table=audit_records rows=238 status=OK
2026-10-09 00:27:50 db=demo-db session=sess-014 duration_ms=288 operation=SELECT table=audit_records rows=105 status=SLOW
2026-10-09 00:27:55 db=demo-db session=sess-015 duration_ms=812 operation=DELETE table=users rows=212 status=RETRY
2026-10-09 00:28:00 db=demo-db session=sess-016 duration_ms=124 operation=COMMIT table=orders rows=4 status=RETRY
2026-10-09 00:28:05 db=demo-db session=sess-017 duration_ms=896 operation=SELECT table=config rows=223 status=OK
2026-10-09 00:28:10 db=demo-db session=sess-018 duration_ms=1619 operation=COMMIT table=events rows=72 status=RETRY
2026-10-09 00:28:15 db=demo-db session=sess-019 duration_ms=684 operation=ROLLBACK table=users rows=188 status=OK
2026-10-09 00:28:20 db=demo-db session=sess-020 duration_ms=1158 operation=SELECT table=config rows=199 status=OK
2026-10-09 00:28:25 db=demo-db session=sess-021 duration_ms=1090 operation=INSERT table=config rows=216 status=OK
2026-10-09 00:28:30 db=demo-db session=sess-022 duration_ms=1176 operation=DELETE table=config rows=166 status=OK
2026-10-09 00:28:35 db=demo-db session=sess-023 duration_ms=1540 operation=SELECT table=audit_records rows=110 status=OK
2026-10-09 00:28:40 db=demo-db session=sess-024 duration_ms=954 operation=DELETE table=audit_records rows=38 status=OK
2026-10-09 00:28:45 db=demo-db session=sess-025 duration_ms=150 operation=INSERT table=audit_records rows=147 status=OK
2026-10-09 00:28:50 db=demo-db session=sess-026 duration_ms=930 operation=COMMIT table=audit_records rows=189 status=SLOW
2026-10-09 00:28:55 db=demo-db session=sess-027 duration_ms=44 operation=DELETE table=config rows=75 status=OK
2026-10-09 00:29:00 db=demo-db session=sess-028 duration_ms=1278 operation=DELETE table=users rows=2 status=OK
2026-10-09 00:29:05 db=demo-db session=sess-029 duration_ms=661 operation=DELETE table=sessions rows=66 status=OK
2026-10-09 00:29:10 db=demo-db session=sess-030 duration_ms=1197 operation=ROLLBACK table=orders rows=136 status=SLOW
2026-10-09 00:29:15 db=demo-db session=sess-031 duration_ms=1339 operation=ROLLBACK table=sessions rows=197 status=RETRY
2026-10-09 00:29:20 db=demo-db session=sess-032 duration_ms=727 operation=ROLLBACK table=config rows=39 status=OK
2026-10-09 00:29:25 db=demo-db session=sess-033 duration_ms=1584 operation=INSERT table=sessions rows=78 status=OK
2026-10-09 00:29:30 db=demo-db session=sess-034 duration_ms=207 operation=SELECT table=config rows=154 status=OK
2026-10-09 00:29:35 db=demo-db session=sess-035 duration_ms=1597 operation=INSERT table=config rows=89 status=OK
2026-10-09 00:29:40 db=demo-db session=sess-036 duration_ms=671 operation=UPDATE table=sessions rows=168 status=OK
2026-10-09 00:29:45 db=demo-db session=sess-037 duration_ms=414 operation=UPDATE table=sessions rows=108 status=OK
2026-10-09 00:29:50 db=demo-db session=sess-038 duration_ms=478 operation=INSERT table=orders rows=6 status=OK
2026-10-09 00:29:55 db=demo-db session=sess-039 duration_ms=1798 operation=DELETE table=users rows=213 status=SLOW
2026-10-09 00:30:00 db=demo-db session=sess-040 duration_ms=53 operation=DELETE table=audit_records rows=218 status=OK
2026-10-09 00:30:05 db=demo-db session=sess-041 duration_ms=780 operation=SELECT table=events rows=112 status=SLOW
2026-10-09 00:30:10 db=demo-db session=sess-042 duration_ms=407 operation=INSERT table=events rows=151 status=OK
2026-10-09 00:30:15 db=demo-db session=sess-043 duration_ms=191 operation=INSERT table=config rows=233 status=RETRY
2026-10-09 00:30:20 db=demo-db session=sess-044 duration_ms=1484 operation=COMMIT table=users rows=41 status=OK
2026-10-09 00:30:25 db=demo-db session=sess-045 duration_ms=247 operation=DELETE table=audit_records rows=154 status=OK
2026-10-09 00:30:30 db=demo-db session=sess-046 duration_ms=1536 operation=UPDATE table=events rows=48 status=OK
2026-10-09 00:30:35 db=demo-db session=sess-047 duration_ms=186 operation=COMMIT table=orders rows=122 status=OK
2026-10-09 00:30:40 db=demo-db session=sess-048 duration_ms=1042 operation=SELECT table=events rows=4 status=OK
2026-10-09 00:30:45 db=demo-db session=sess-049 duration_ms=779 operation=DELETE table=events rows=246 status=OK
2026-10-09 00:30:50 db=demo-db session=sess-050 duration_ms=727 operation=UPDATE table=orders rows=214 status=OK
2026-10-09 00:30:55 db=demo-db session=sess-051 duration_ms=890 operation=ROLLBACK table=orders rows=58 status=OK
2026-10-09 00:31:00 db=demo-db session=sess-052 duration_ms=1333 operation=ROLLBACK table=events rows=224 status=SLOW
2026-10-09 00:31:05 db=demo-db session=sess-053 duration_ms=33 operation=UPDATE table=audit_records rows=165 status=OK
2026-10-09 00:31:10 db=demo-db session=sess-054 duration_ms=93 operation=INSERT table=sessions rows=45 status=RETRY
2026-10-09 00:31:15 db=demo-db session=sess-055 duration_ms=19 operation=INSERT table=config rows=39 status=OK
2026-10-09 00:31:20 db=demo-db session=sess-056 duration_ms=1424 operation=DELETE table=users rows=15 status=RETRY
2026-10-09 00:31:25 db=demo-db session=sess-057 duration_ms=1644 operation=INSERT table=audit_records rows=169 status=OK
2026-10-09 00:31:30 db=demo-db session=sess-058 duration_ms=762 operation=COMMIT table=events rows=210 status=OK
2026-10-09 00:31:35 db=demo-db session=sess-059 duration_ms=859 operation=INSERT table=sessions rows=239 status=RETRY
2026-10-09 00:31:40 db=demo-db session=sess-060 duration_ms=311 operation=ROLLBACK table=audit_records rows=46 status=OK
2026-10-09 00:31:45 db=demo-db session=sess-061 duration_ms=225 operation=INSERT table=users rows=127 status=OK
2026-10-09 00:31:50 db=demo-db session=sess-062 duration_ms=627 operation=DELETE table=audit_records rows=95 status=OK
2026-10-09 00:31:55 db=demo-db session=sess-063 duration_ms=1274 operation=UPDATE table=users rows=200 status=OK
2026-10-09 00:32:00 db=demo-db session=sess-064 duration_ms=680 operation=SELECT table=events rows=8 status=OK
2026-10-09 00:32:05 db=demo-db session=sess-065 duration_ms=835 operation=SELECT table=config rows=96 status=RETRY
2026-10-09 00:32:10 db=demo-db session=sess-066 duration_ms=1480 operation=COMMIT table=sessions rows=40 status=OK
2026-10-09 00:32:15 db=demo-db session=sess-067 duration_ms=31 operation=UPDATE table=sessions rows=23 status=SLOW
2026-10-09 00:32:20 db=demo-db session=sess-068 duration_ms=136 operation=SELECT table=events rows=118 status=SLOW
2026-10-09 00:32:25 db=demo-db session=sess-069 duration_ms=1754 operation=COMMIT table=events rows=34 status=RETRY
2026-10-09 00:32:30 db=demo-db session=sess-070 duration_ms=1658 operation=ROLLBACK table=users rows=79 status=SLOW
2026-10-09 00:32:35 db=demo-db session=sess-071 duration_ms=962 operation=UPDATE table=sessions rows=82 status=RETRY
2026-10-09 00:32:40 db=demo-db session=sess-072 duration_ms=749 operation=COMMIT table=audit_records rows=183 status=OK
2026-10-09 00:32:45 db=demo-db session=sess-073 duration_ms=979 operation=DELETE table=audit_records rows=212 status=RETRY
2026-10-09 00:32:50 db=demo-db session=sess-074 duration_ms=402 operation=INSERT table=sessions rows=131 status=OK
2026-10-09 00:32:55 db=demo-db session=sess-075 duration_ms=1650 operation=INSERT table=sessions rows=168 status=OK
2026-10-09 00:33:00 db=demo-db session=sess-076 duration_ms=1523 operation=SELECT table=audit_records rows=103 status=OK
2026-10-09 00:33:05 db=demo-db session=sess-077 duration_ms=1260 operation=SELECT table=sessions rows=57 status=OK
2026-10-09 00:33:10 db=demo-db session=sess-078 duration_ms=379 operation=ROLLBACK table=audit_records rows=77 status=OK
2026-10-09 00:33:15 db=demo-db session=sess-079 duration_ms=1456 operation=DELETE table=audit_records rows=151 status=RETRY
2026-10-09 00:33:20 db=demo-db session=sess-000 duration_ms=1059 operation=COMMIT table=orders rows=194 status=OK
2026-10-09 00:33:25 db=demo-db session=sess-001 duration_ms=672 operation=DELETE table=orders rows=169 status=OK
2026-10-09 00:33:30 db=demo-db session=sess-002 duration_ms=1187 operation=ROLLBACK table=users rows=191 status=SLOW
2026-10-09 00:33:35 db=demo-db session=sess-003 duration_ms=1295 operation=SELECT table=sessions rows=250 status=OK
2026-10-09 00:33:40 db=demo-db session=sess-004 duration_ms=30 operation=INSERT table=audit_records rows=8 status=OK
2026-10-09 00:33:45 db=demo-db session=sess-005 duration_ms=332 operation=DELETE table=orders rows=2 status=RETRY
2026-10-09 00:33:50 db=demo-db session=sess-006 duration_ms=985 operation=DELETE table=orders rows=48 status=RETRY
2026-10-09 00:33:55 db=demo-db session=sess-007 duration_ms=831 operation=DELETE table=sessions rows=116 status=RETRY
2026-10-09 00:34:00 db=demo-db session=sess-008 duration_ms=539 operation=COMMIT table=events rows=30 status=OK
2026-10-09 00:34:05 db=demo-db session=sess-009 duration_ms=1343 operation=COMMIT table=orders rows=86 status=OK
2026-10-09 00:34:10 db=demo-db session=sess-010 duration_ms=523 operation=UPDATE table=events rows=197 status=RETRY
2026-10-09 00:34:15 db=demo-db session=sess-011 duration_ms=935 operation=ROLLBACK table=users rows=171 status=OK
2026-10-09 00:34:20 db=demo-db session=sess-012 duration_ms=1564 operation=COMMIT table=orders rows=16 status=OK
2026-10-09 00:34:25 db=demo-db session=sess-013 duration_ms=874 operation=ROLLBACK table=users rows=246 status=RETRY
2026-10-09 00:34:30 db=demo-db session=sess-014 duration_ms=259 operation=SELECT table=sessions rows=249 status=SLOW
2026-10-09 00:34:35 db=demo-db session=sess-015 duration_ms=1700 operation=SELECT table=users rows=140 status=OK
2026-10-09 00:34:40 db=demo-db session=sess-016 duration_ms=259 operation=UPDATE table=orders rows=115 status=SLOW
2026-10-09 00:34:45 db=demo-db session=sess-017 duration_ms=1134 operation=SELECT table=config rows=46 status=SLOW
2026-10-09 00:34:50 db=demo-db session=sess-018 duration_ms=1680 operation=COMMIT table=sessions rows=36 status=OK
2026-10-09 00:34:55 db=demo-db session=sess-019 duration_ms=1590 operation=SELECT table=sessions rows=187 status=OK
2026-10-09 00:35:00 db=demo-db session=sess-020 duration_ms=1077 operation=COMMIT table=sessions rows=144 status=RETRY
2026-10-09 00:35:05 db=demo-db session=sess-021 duration_ms=1076 operation=SELECT table=config rows=92 status=RETRY
2026-10-09 00:35:10 db=demo-db session=sess-022 duration_ms=472 operation=ROLLBACK table=config rows=42 status=OK
2026-10-09 00:35:15 db=demo-db session=sess-023 duration_ms=326 operation=SELECT table=audit_records rows=42 status=RETRY
2026-10-09 00:35:20 db=demo-db session=sess-024 duration_ms=464 operation=ROLLBACK table=sessions rows=138 status=RETRY
2026-10-09 00:35:25 db=demo-db session=sess-025 duration_ms=869 operation=INSERT table=orders rows=12 status=SLOW
2026-10-09 00:35:30 db=demo-db session=sess-026 duration_ms=608 operation=DELETE table=config rows=248 status=SLOW
2026-10-09 00:35:35 db=demo-db session=sess-027 duration_ms=976 operation=DELETE table=orders rows=34 status=OK
2026-10-09 00:35:40 db=demo-db session=sess-028 duration_ms=1 operation=SELECT table=orders rows=181 status=RETRY
2026-10-09 00:35:45 db=demo-db session=sess-029 duration_ms=1369 operation=UPDATE table=sessions rows=236 status=RETRY
2026-10-09 00:35:50 db=demo-db session=sess-030 duration_ms=1217 operation=SELECT table=users rows=193 status=SLOW
2026-10-09 00:35:55 db=demo-db session=sess-031 duration_ms=288 operation=INSERT table=events rows=210 status=OK
2026-10-09 00:36:00 db=demo-db session=sess-032 duration_ms=1566 operation=INSERT table=events rows=201 status=OK
2026-10-09 00:36:05 db=demo-db session=sess-033 duration_ms=1324 operation=DELETE table=events rows=151 status=OK
2026-10-09 00:36:10 db=demo-db session=sess-034 duration_ms=510 operation=UPDATE table=users rows=57 status=OK
2026-10-09 00:36:15 db=demo-db session=sess-035 duration_ms=288 operation=DELETE table=users rows=185 status=RETRY
2026-10-09 00:36:20 db=demo-db session=sess-036 duration_ms=1377 operation=INSERT table=sessions rows=113 status=OK
2026-10-09 00:36:25 db=demo-db session=sess-037 duration_ms=1377 operation=UPDATE table=orders rows=2 status=OK
2026-10-09 00:36:30 db=demo-db session=sess-038 duration_ms=1067 operation=UPDATE table=config rows=26 status=RETRY
2026-10-09 00:36:35 db=demo-db session=sess-039 duration_ms=965 operation=INSERT table=audit_records rows=112 status=OK
2026-10-09 00:36:40 db=demo-db session=sess-040 duration_ms=1684 operation=SELECT table=config rows=190 status=RETRY
2026-10-09 00:36:45 db=demo-db session=sess-041 duration_ms=931 operation=INSERT table=users rows=225 status=OK
2026-10-09 00:36:50 db=demo-db session=sess-042 duration_ms=1793 operation=UPDATE table=users rows=97 status=OK
2026-10-09 00:36:55 db=demo-db session=sess-043 duration_ms=232 operation=ROLLBACK table=events rows=109 status=RETRY
2026-10-09 00:37:00 db=demo-db session=sess-044 duration_ms=345 operation=ROLLBACK table=audit_records rows=221 status=SLOW
2026-10-09 00:37:05 db=demo-db session=sess-045 duration_ms=1554 operation=UPDATE table=sessions rows=133 status=OK
2026-10-09 00:37:10 db=demo-db session=sess-046 duration_ms=182 operation=ROLLBACK table=config rows=245 status=RETRY
2026-10-09 00:37:15 db=demo-db session=sess-047 duration_ms=1772 operation=UPDATE table=sessions rows=222 status=SLOW
2026-10-09 00:37:20 db=demo-db session=sess-048 duration_ms=1714 operation=ROLLBACK table=events rows=107 status=OK
2026-10-09 00:37:25 db=demo-db session=sess-049 duration_ms=1307 operation=SELECT table=orders rows=215 status=OK
2026-10-09 00:37:30 db=demo-db session=sess-050 duration_ms=516 operation=ROLLBACK table=config rows=84 status=SLOW
2026-10-09 00:37:35 db=demo-db session=sess-051 duration_ms=1366 operation=UPDATE table=orders rows=21 status=OK
2026-10-09 00:37:40 db=demo-db session=sess-052 duration_ms=208 operation=ROLLBACK table=events rows=62 status=RETRY
2026-10-09 00:37:45 db=demo-db session=sess-053 duration_ms=1014 operation=INSERT table=config rows=111 status=OK
2026-10-09 00:37:50 db=demo-db session=sess-054 duration_ms=213 operation=ROLLBACK table=events rows=143 status=RETRY
2026-10-09 00:37:55 db=demo-db session=sess-055 duration_ms=1716 operation=COMMIT table=events rows=155 status=RETRY
2026-10-09 00:38:00 db=demo-db session=sess-056 duration_ms=1783 operation=ROLLBACK table=events rows=10 status=RETRY
2026-10-09 00:38:05 db=demo-db session=sess-057 duration_ms=221 operation=COMMIT table=audit_records rows=244 status=OK
2026-10-09 00:38:10 db=demo-db session=sess-058 duration_ms=1179 operation=SELECT table=users rows=247 status=OK
2026-10-09 00:38:15 db=demo-db session=sess-059 duration_ms=739 operation=COMMIT table=audit_records rows=181 status=RETRY
2026-10-09 00:38:20 db=demo-db session=sess-060 duration_ms=864 operation=DELETE table=audit_records rows=190 status=OK
2026-10-09 00:38:25 db=demo-db session=sess-061 duration_ms=712 operation=ROLLBACK table=events rows=218 status=SLOW
2026-10-09 00:38:30 db=demo-db session=sess-062 duration_ms=1175 operation=COMMIT table=users rows=240 status=SLOW
2026-10-09 00:38:35 db=demo-db session=sess-063 duration_ms=1666 operation=ROLLBACK table=audit_records rows=199 status=SLOW
2026-10-09 00:38:40 db=demo-db session=sess-064 duration_ms=1371 operation=SELECT table=sessions rows=145 status=OK
2026-10-09 00:38:45 db=demo-db session=sess-065 duration_ms=50 operation=ROLLBACK table=orders rows=25 status=OK
2026-10-09 00:38:50 db=demo-db session=sess-066 duration_ms=845 operation=SELECT table=audit_records rows=116 status=OK
2026-10-09 00:38:55 db=demo-db session=sess-067 duration_ms=735 operation=ROLLBACK table=orders rows=90 status=OK
2026-10-09 00:39:00 db=demo-db session=sess-068 duration_ms=567 operation=DELETE table=users rows=83 status=SLOW
2026-10-09 00:39:05 db=demo-db session=sess-069 duration_ms=1432 operation=ROLLBACK table=orders rows=196 status=OK
2026-10-09 00:39:10 db=demo-db session=sess-070 duration_ms=429 operation=COMMIT table=config rows=165 status=OK
2026-10-09 00:39:15 db=demo-db session=sess-071 duration_ms=1517 operation=DELETE table=orders rows=199 status=OK
2026-10-09 00:39:20 db=demo-db session=sess-072 duration_ms=1730 operation=DELETE table=users rows=85 status=OK
2026-10-09 00:39:25 db=demo-db session=sess-073 duration_ms=1263 operation=COMMIT table=audit_records rows=206 status=OK
2026-10-09 00:39:30 db=demo-db session=sess-074 duration_ms=649 operation=UPDATE table=users rows=234 status=OK
2026-10-09 00:39:35 db=demo-db session=sess-075 duration_ms=1310 operation=DELETE table=orders rows=159 status=SLOW
2026-10-09 00:39:40 db=demo-db session=sess-076 duration_ms=1310 operation=INSERT table=events rows=51 status=OK
2026-10-09 00:39:45 db=demo-db session=sess-077 duration_ms=1754 operation=ROLLBACK table=events rows=89 status=OK
2026-10-09 00:39:50 db=demo-db session=sess-078 duration_ms=1651 operation=DELETE table=orders rows=193 status=OK
2026-10-09 00:39:55 db=demo-db session=sess-079 duration_ms=346 operation=UPDATE table=users rows=28 status=OK
2026-10-09 00:40:00 db=demo-db session=sess-000 duration_ms=1192 operation=UPDATE table=config rows=179 status=RETRY
2026-10-09 00:40:05 db=demo-db session=sess-001 duration_ms=607 operation=COMMIT table=config rows=45 status=SLOW
2026-10-09 00:40:10 db=demo-db session=sess-002 duration_ms=1267 operation=ROLLBACK table=users rows=50 status=OK
2026-10-09 00:40:15 db=demo-db session=sess-003 duration_ms=186 operation=ROLLBACK table=config rows=234 status=SLOW
2026-10-09 00:40:20 db=demo-db session=sess-004 duration_ms=1746 operation=UPDATE table=sessions rows=183 status=OK
2026-10-09 00:40:25 db=demo-db session=sess-005 duration_ms=1092 operation=UPDATE table=events rows=34 status=SLOW
2026-10-09 00:40:30 db=demo-db session=sess-006 duration_ms=213 operation=ROLLBACK table=orders rows=157 status=RETRY
2026-10-09 00:40:35 db=demo-db session=sess-007 duration_ms=169 operation=UPDATE table=sessions rows=113 status=OK
2026-10-09 00:40:40 db=demo-db session=sess-008 duration_ms=504 operation=COMMIT table=sessions rows=170 status=OK
2026-10-09 00:40:45 db=demo-db session=sess-009 duration_ms=54 operation=DELETE table=sessions rows=213 status=OK
2026-10-09 00:40:50 db=demo-db session=sess-010 duration_ms=503 operation=INSERT table=events rows=165 status=OK
2026-10-09 00:40:55 db=demo-db session=sess-011 duration_ms=298 operation=SELECT table=orders rows=62 status=OK
2026-10-09 00:41:00 db=demo-db session=sess-012 duration_ms=1757 operation=COMMIT table=events rows=214 status=SLOW
2026-10-09 00:41:05 db=demo-db session=sess-013 duration_ms=849 operation=COMMIT table=config rows=145 status=OK
2026-10-09 00:41:10 db=demo-db session=sess-014 duration_ms=845 operation=INSERT table=config rows=148 status=SLOW
2026-10-09 00:41:15 db=demo-db session=sess-015 duration_ms=1285 operation=COMMIT table=events rows=191 status=OK
2026-10-09 00:41:20 db=demo-db session=sess-016 duration_ms=1448 operation=UPDATE table=orders rows=110 status=OK
2026-10-09 00:41:25 db=demo-db session=sess-017 duration_ms=747 operation=INSERT table=orders rows=138 status=OK
2026-10-09 00:41:30 db=demo-db session=sess-018 duration_ms=158 operation=ROLLBACK table=sessions rows=82 status=OK
2026-10-09 00:41:35 db=demo-db session=sess-019 duration_ms=1630 operation=COMMIT table=config rows=32 status=OK
2026-10-09 00:41:40 db=demo-db session=sess-020 duration_ms=1607 operation=COMMIT table=audit_records rows=121 status=RETRY
2026-10-09 00:41:45 db=demo-db session=sess-021 duration_ms=643 operation=SELECT table=config rows=58 status=OK
2026-10-09 00:41:50 db=demo-db session=sess-022 duration_ms=1470 operation=ROLLBACK table=audit_records rows=249 status=RETRY
2026-10-09 00:41:55 db=demo-db session=sess-023 duration_ms=1682 operation=INSERT table=events rows=68 status=RETRY
2026-10-09 00:42:00 db=demo-db session=sess-024 duration_ms=1714 operation=SELECT table=events rows=158 status=SLOW
2026-10-09 00:42:05 db=demo-db session=sess-025 duration_ms=1019 operation=COMMIT table=events rows=16 status=OK
2026-10-09 00:42:10 db=demo-db session=sess-026 duration_ms=46 operation=COMMIT table=events rows=143 status=OK
2026-10-09 00:42:15 db=demo-db session=sess-027 duration_ms=712 operation=DELETE table=audit_records rows=37 status=OK
2026-10-09 00:42:20 db=demo-db session=sess-028 duration_ms=1397 operation=UPDATE table=users rows=244 status=OK
2026-10-09 00:42:25 db=demo-db session=sess-029 duration_ms=1167 operation=UPDATE table=audit_records rows=7 status=RETRY
2026-10-09 00:42:30 db=demo-db session=sess-030 duration_ms=1006 operation=DELETE table=audit_records rows=195 status=OK
2026-10-09 00:42:35 db=demo-db session=sess-031 duration_ms=812 operation=INSERT table=audit_records rows=115 status=OK
2026-10-09 00:42:40 db=demo-db session=sess-032 duration_ms=1103 operation=ROLLBACK table=audit_records rows=77 status=OK
2026-10-09 00:42:45 db=demo-db session=sess-033 duration_ms=477 operation=COMMIT table=config rows=242 status=SLOW
2026-10-09 00:42:50 db=demo-db session=sess-034 duration_ms=296 operation=COMMIT table=audit_records rows=150 status=OK
2026-10-09 00:42:55 db=demo-db session=sess-035 duration_ms=1767 operation=SELECT table=config rows=13 status=OK
2026-10-09 00:43:00 db=demo-db session=sess-036 duration_ms=1204 operation=SELECT table=users rows=157 status=OK
2026-10-09 00:43:05 db=demo-db session=sess-037 duration_ms=1085 operation=DELETE table=audit_records rows=41 status=OK
2026-10-09 00:43:10 db=demo-db session=sess-038 duration_ms=510 operation=COMMIT table=sessions rows=213 status=OK
2026-10-09 00:43:15 db=demo-db session=sess-039 duration_ms=61 operation=ROLLBACK table=events rows=186 status=OK
2026-10-09 00:43:20 db=demo-db session=sess-040 duration_ms=680 operation=SELECT table=users rows=242 status=SLOW
2026-10-09 00:43:25 db=demo-db session=sess-041 duration_ms=1176 operation=ROLLBACK table=audit_records rows=99 status=SLOW
2026-10-09 00:43:30 db=demo-db session=sess-042 duration_ms=781 operation=ROLLBACK table=events rows=35 status=OK
2026-10-09 00:43:35 db=demo-db session=sess-043 duration_ms=375 operation=SELECT table=orders rows=90 status=OK
2026-10-09 00:43:40 db=demo-db session=sess-044 duration_ms=1449 operation=DELETE table=orders rows=127 status=OK
2026-10-09 00:43:45 db=demo-db session=sess-045 duration_ms=378 operation=UPDATE table=events rows=51 status=OK
2026-10-09 00:43:50 db=demo-db session=sess-046 duration_ms=720 operation=ROLLBACK table=audit_records rows=20 status=OK
2026-10-09 00:43:55 db=demo-db session=sess-047 duration_ms=926 operation=SELECT table=config rows=65 status=OK
2026-10-09 00:44:00 db=demo-db session=sess-048 duration_ms=1242 operation=SELECT table=config rows=15 status=OK
2026-10-09 00:44:05 db=demo-db session=sess-049 duration_ms=196 operation=INSERT table=users rows=246 status=RETRY
2026-10-09 00:44:10 db=demo-db session=sess-050 duration_ms=26 operation=SELECT table=orders rows=98 status=OK
2026-10-09 00:44:15 db=demo-db session=sess-051 duration_ms=57 operation=COMMIT table=config rows=95 status=OK
2026-10-09 00:44:20 db=demo-db session=sess-052 duration_ms=354 operation=INSERT table=audit_records rows=158 status=SLOW
2026-10-09 00:44:25 db=demo-db session=sess-053 duration_ms=373 operation=COMMIT table=sessions rows=249 status=OK
2026-10-09 00:44:30 db=demo-db session=sess-054 duration_ms=199 operation=ROLLBACK table=sessions rows=153 status=OK
2026-10-09 00:44:35 db=demo-db session=sess-055 duration_ms=1176 operation=INSERT table=events rows=180 status=OK
2026-10-09 00:44:40 db=demo-db session=sess-056 duration_ms=1040 operation=INSERT table=events rows=7 status=RETRY
2026-10-09 00:44:45 db=demo-db session=sess-057 duration_ms=80 operation=COMMIT table=users rows=206 status=OK
2026-10-09 00:44:50 db=demo-db session=sess-058 duration_ms=597 operation=SELECT table=orders rows=174 status=OK
2026-10-09 00:44:55 db=demo-db session=sess-059 duration_ms=1209 operation=COMMIT table=sessions rows=230 status=OK
2026-10-09 00:45:00 db=demo-db session=sess-060 duration_ms=1020 operation=INSERT table=config rows=39 status=RETRY
2026-10-09 00:45:05 db=demo-db session=sess-061 duration_ms=691 operation=DELETE table=audit_records rows=140 status=SLOW
2026-10-09 00:45:10 db=demo-db session=sess-062 duration_ms=1606 operation=DELETE table=users rows=171 status=RETRY
2026-10-09 00:45:15 db=demo-db session=sess-063 duration_ms=135 operation=UPDATE table=sessions rows=93 status=OK
2026-10-09 00:45:20 db=demo-db session=sess-064 duration_ms=491 operation=DELETE table=sessions rows=203 status=SLOW
2026-10-09 00:45:25 db=demo-db session=sess-065 duration_ms=86 operation=UPDATE table=users rows=234 status=SLOW
2026-10-09 00:45:30 db=demo-db session=sess-066 duration_ms=1661 operation=ROLLBACK table=audit_records rows=193 status=RETRY
2026-10-09 00:45:35 db=demo-db session=sess-067 duration_ms=203 operation=COMMIT table=users rows=169 status=OK
2026-10-09 00:45:40 db=demo-db session=sess-068 duration_ms=1080 operation=COMMIT table=config rows=179 status=RETRY
2026-10-09 00:45:45 db=demo-db session=sess-069 duration_ms=1069 operation=DELETE table=config rows=164 status=OK
2026-10-09 00:45:50 db=demo-db session=sess-070 duration_ms=579 operation=UPDATE table=sessions rows=114 status=OK
2026-10-09 00:45:55 db=demo-db session=sess-071 duration_ms=600 operation=ROLLBACK table=events rows=103 status=SLOW
2026-10-09 00:46:00 db=demo-db session=sess-072 duration_ms=773 operation=SELECT table=events rows=6 status=SLOW
2026-10-09 00:46:05 db=demo-db session=sess-073 duration_ms=214 operation=UPDATE table=config rows=123 status=RETRY
2026-10-09 00:46:10 db=demo-db session=sess-074 duration_ms=797 operation=UPDATE table=events rows=201 status=OK
2026-10-09 00:46:15 db=demo-db session=sess-075 duration_ms=1579 operation=ROLLBACK table=audit_records rows=14 status=RETRY
2026-10-09 00:46:20 db=demo-db session=sess-076 duration_ms=1703 operation=SELECT table=sessions rows=242 status=OK
2026-10-09 00:46:25 db=demo-db session=sess-077 duration_ms=629 operation=COMMIT table=audit_records rows=230 status=RETRY
2026-10-09 00:46:30 db=demo-db session=sess-078 duration_ms=1112 operation=INSERT table=audit_records rows=80 status=OK
2026-10-09 00:46:35 db=demo-db session=sess-079 duration_ms=1095 operation=SELECT table=users rows=247 status=OK
2026-10-09 00:46:40 db=demo-db session=sess-000 duration_ms=789 operation=INSERT table=orders rows=246 status=RETRY
2026-10-09 00:46:45 db=demo-db session=sess-001 duration_ms=108 operation=ROLLBACK table=events rows=189 status=RETRY
2026-10-09 00:46:50 db=demo-db session=sess-002 duration_ms=1074 operation=INSERT table=config rows=94 status=OK
2026-10-09 00:46:55 db=demo-db session=sess-003 duration_ms=440 operation=SELECT table=events rows=243 status=OK
2026-10-09 00:47:00 db=demo-db session=sess-004 duration_ms=454 operation=ROLLBACK table=orders rows=18 status=OK
2026-10-09 00:47:05 db=demo-db session=sess-005 duration_ms=1015 operation=INSERT table=config rows=163 status=RETRY
2026-10-09 00:47:10 db=demo-db session=sess-006 duration_ms=32 operation=SELECT table=events rows=52 status=OK
2026-10-09 00:47:15 db=demo-db session=sess-007 duration_ms=595 operation=SELECT table=sessions rows=168 status=OK
2026-10-09 00:47:20 db=demo-db session=sess-008 duration_ms=363 operation=DELETE table=sessions rows=95 status=SLOW
2026-10-09 00:47:25 db=demo-db session=sess-009 duration_ms=92 operation=INSERT table=sessions rows=153 status=OK
2026-10-09 00:47:30 db=demo-db session=sess-010 duration_ms=1274 operation=ROLLBACK table=orders rows=225 status=SLOW
2026-10-09 00:47:35 db=demo-db session=sess-011 duration_ms=1394 operation=COMMIT table=audit_records rows=221 status=OK
2026-10-09 00:47:40 db=demo-db session=sess-012 duration_ms=420 operation=ROLLBACK table=audit_records rows=233 status=OK
2026-10-09 00:47:45 db=demo-db session=sess-013 duration_ms=839 operation=ROLLBACK table=users rows=106 status=SLOW
2026-10-09 00:47:50 db=demo-db session=sess-014 duration_ms=773 operation=UPDATE table=sessions rows=209 status=SLOW
2026-10-09 00:47:55 db=demo-db session=sess-015 duration_ms=520 operation=COMMIT table=users rows=160 status=SLOW
2026-10-09 00:48:00 db=demo-db session=sess-016 duration_ms=86 operation=ROLLBACK table=events rows=32 status=OK
2026-10-09 00:48:05 db=demo-db session=sess-017 duration_ms=145 operation=ROLLBACK table=users rows=29 status=OK
2026-10-09 00:48:10 db=demo-db session=sess-018 duration_ms=1621 operation=DELETE table=users rows=46 status=RETRY
2026-10-09 00:48:15 db=demo-db session=sess-019 duration_ms=671 operation=INSERT table=audit_records rows=65 status=SLOW
2026-10-09 00:48:20 db=demo-db session=sess-020 duration_ms=584 operation=COMMIT table=orders rows=72 status=RETRY
2026-10-09 00:48:25 db=demo-db session=sess-021 duration_ms=536 operation=SELECT table=users rows=101 status=OK
2026-10-09 00:48:30 db=demo-db session=sess-022 duration_ms=178 operation=COMMIT table=events rows=51 status=OK
2026-10-09 00:48:35 db=demo-db session=sess-023 duration_ms=1062 operation=SELECT table=events rows=122 status=OK
2026-10-09 00:48:40 db=demo-db session=sess-024 duration_ms=229 operation=INSERT table=users rows=213 status=SLOW
2026-10-09 00:48:45 db=demo-db session=sess-025 duration_ms=378 operation=SELECT table=audit_records rows=206 status=OK
2026-10-09 00:48:50 db=demo-db session=sess-026 duration_ms=496 operation=DELETE table=config rows=94 status=SLOW
2026-10-09 00:48:55 db=demo-db session=sess-027 duration_ms=1513 operation=INSERT table=events rows=152 status=OK
2026-10-09 00:49:00 db=demo-db session=sess-028 duration_ms=1358 operation=COMMIT table=sessions rows=196 status=OK
2026-10-09 00:49:05 db=demo-db session=sess-029 duration_ms=1485 operation=UPDATE table=users rows=145 status=OK
2026-10-09 00:49:10 db=demo-db session=sess-030 duration_ms=313 operation=UPDATE table=orders rows=235 status=OK
2026-10-09 00:49:15 db=demo-db session=sess-031 duration_ms=718 operation=DELETE table=sessions rows=230 status=OK
2026-10-09 00:49:20 db=demo-db session=sess-032 duration_ms=802 operation=DELETE table=sessions rows=242 status=OK
2026-10-09 00:49:25 db=demo-db session=sess-033 duration_ms=1036 operation=SELECT table=sessions rows=47 status=OK
2026-10-09 00:49:30 db=demo-db session=sess-034 duration_ms=688 operation=ROLLBACK table=audit_records rows=112 status=OK
2026-10-09 00:49:35 db=demo-db session=sess-035 duration_ms=1785 operation=DELETE table=users rows=215 status=OK
2026-10-09 00:49:40 db=demo-db session=sess-036 duration_ms=1233 operation=COMMIT table=orders rows=142 status=OK
2026-10-09 00:49:45 db=demo-db session=sess-037 duration_ms=294 operation=COMMIT table=orders rows=14 status=OK
2026-10-09 00:49:50 db=demo-db session=sess-038 duration_ms=1403 operation=SELECT table=events rows=132 status=RETRY
2026-10-09 00:49:55 db=demo-db session=sess-039 duration_ms=36 operation=COMMIT table=audit_records rows=43 status=OK
2026-10-09 00:50:00 db=demo-db session=sess-040 duration_ms=759 operation=SELECT table=sessions rows=230 status=OK
2026-10-09 00:50:05 db=demo-db session=sess-041 duration_ms=1402 operation=INSERT table=users rows=97 status=OK
2026-10-09 00:50:10 db=demo-db session=sess-042 duration_ms=1153 operation=SELECT table=events rows=196 status=RETRY
2026-10-09 00:50:15 db=demo-db session=sess-043 duration_ms=246 operation=INSERT table=audit_records rows=9 status=RETRY
2026-10-09 00:50:20 db=demo-db session=sess-044 duration_ms=1118 operation=SELECT table=users rows=166 status=SLOW
2026-10-09 00:50:25 db=demo-db session=sess-045 duration_ms=1171 operation=ROLLBACK table=events rows=72 status=RETRY
2026-10-09 00:50:30 db=demo-db session=sess-046 duration_ms=793 operation=DELETE table=audit_records rows=60 status=SLOW
2026-10-09 00:50:35 db=demo-db session=sess-047 duration_ms=1255 operation=UPDATE table=orders rows=250 status=SLOW
2026-10-09 00:50:40 db=demo-db session=sess-048 duration_ms=982 operation=INSERT table=events rows=137 status=OK
2026-10-09 00:50:45 db=demo-db session=sess-049 duration_ms=459 operation=INSERT table=orders rows=163 status=OK
2026-10-09 00:50:50 db=demo-db session=sess-050 duration_ms=796 operation=UPDATE table=sessions rows=94 status=OK
2026-10-09 00:50:55 db=demo-db session=sess-051 duration_ms=885 operation=UPDATE table=sessions rows=10 status=SLOW
2026-10-09 00:51:00 db=demo-db session=sess-052 duration_ms=841 operation=ROLLBACK table=config rows=218 status=OK
2026-10-09 00:51:05 db=demo-db session=sess-053 duration_ms=824 operation=INSERT table=audit_records rows=90 status=OK
2026-10-09 00:51:10 db=demo-db session=sess-054 duration_ms=832 operation=DELETE table=events rows=117 status=SLOW
2026-10-09 00:51:15 db=demo-db session=sess-055 duration_ms=910 operation=DELETE table=events rows=93 status=OK
2026-10-09 00:51:20 db=demo-db session=sess-056 duration_ms=668 operation=ROLLBACK table=events rows=34 status=RETRY
2026-10-09 00:51:25 db=demo-db session=sess-057 duration_ms=422 operation=INSERT table=sessions rows=182 status=OK
2026-10-09 00:51:30 db=demo-db session=sess-058 duration_ms=1165 operation=INSERT table=audit_records rows=168 status=RETRY
2026-10-09 00:51:35 db=demo-db session=sess-059 duration_ms=745 operation=DELETE table=config rows=220 status=SLOW
2026-10-09 00:51:40 db=demo-db session=sess-060 duration_ms=768 operation=ROLLBACK table=orders rows=54 status=SLOW
2026-10-09 00:51:45 db=demo-db session=sess-061 duration_ms=290 operation=DELETE table=users rows=138 status=SLOW
2026-10-09 00:51:50 db=demo-db session=sess-062 duration_ms=616 operation=COMMIT table=events rows=13 status=OK
2026-10-09 00:51:55 db=demo-db session=sess-063 duration_ms=445 operation=UPDATE table=config rows=227 status=OK
2026-10-09 00:52:00 db=demo-db session=sess-064 duration_ms=1351 operation=DELETE table=config rows=110 status=OK
2026-10-09 00:52:05 db=demo-db session=sess-065 duration_ms=908 operation=SELECT table=audit_records rows=52 status=SLOW
2026-10-09 00:52:10 db=demo-db session=sess-066 duration_ms=1163 operation=ROLLBACK table=sessions rows=69 status=RETRY
2026-10-09 00:52:15 db=demo-db session=sess-067 duration_ms=1576 operation=INSERT table=audit_records rows=102 status=RETRY
2026-10-09 00:52:20 db=demo-db session=sess-068 duration_ms=1602 operation=INSERT table=sessions rows=105 status=OK
2026-10-09 00:52:25 db=demo-db session=sess-069 duration_ms=960 operation=INSERT table=audit_records rows=33 status=SLOW
2026-10-09 00:52:30 db=demo-db session=sess-070 duration_ms=648 operation=COMMIT table=config rows=135 status=OK
2026-10-09 00:52:35 db=demo-db session=sess-071 duration_ms=1385 operation=SELECT table=users rows=21 status=OK
2026-10-09 00:52:40 db=demo-db session=sess-072 duration_ms=18 operation=SELECT table=orders rows=218 status=OK
2026-10-09 00:52:45 db=demo-db session=sess-073 duration_ms=642 operation=UPDATE table=sessions rows=190 status=OK
2026-10-09 00:52:50 db=demo-db session=sess-074 duration_ms=437 operation=UPDATE table=users rows=92 status=RETRY
2026-10-09 00:52:55 db=demo-db session=sess-075 duration_ms=647 operation=COMMIT table=events rows=121 status=OK
2026-10-09 00:53:00 db=demo-db session=sess-076 duration_ms=1441 operation=INSERT table=orders rows=77 status=OK
2026-10-09 00:53:05 db=demo-db session=sess-077 duration_ms=1644 operation=COMMIT table=sessions rows=230 status=OK
2026-10-09 00:53:10 db=demo-db session=sess-078 duration_ms=335 operation=DELETE table=users rows=136 status=RETRY
2026-10-09 00:53:15 db=demo-db session=sess-079 duration_ms=840 operation=INSERT table=config rows=141 status=SLOW
2026-10-09 00:53:20 db=demo-db session=sess-000 duration_ms=1434 operation=UPDATE table=audit_records rows=217 status=OK
2026-10-09 00:53:25 db=demo-db session=sess-001 duration_ms=233 operation=ROLLBACK table=sessions rows=232 status=SLOW
2026-10-09 00:53:30 db=demo-db session=sess-002 duration_ms=199 operation=SELECT table=sessions rows=225 status=SLOW
2026-10-09 00:53:35 db=demo-db session=sess-003 duration_ms=969 operation=DELETE table=events rows=43 status=OK
2026-10-09 00:53:40 db=demo-db session=sess-004 duration_ms=1201 operation=ROLLBACK table=orders rows=238 status=SLOW
2026-10-09 00:53:45 db=demo-db session=sess-005 duration_ms=1198 operation=COMMIT table=sessions rows=114 status=OK
2026-10-09 00:53:50 db=demo-db session=sess-006 duration_ms=1008 operation=ROLLBACK table=config rows=88 status=OK
2026-10-09 00:53:55 db=demo-db session=sess-007 duration_ms=175 operation=UPDATE table=users rows=45 status=OK
2026-10-09 00:54:00 db=demo-db session=sess-008 duration_ms=1279 operation=UPDATE table=audit_records rows=100 status=OK
2026-10-09 00:54:05 db=demo-db session=sess-009 duration_ms=228 operation=ROLLBACK table=sessions rows=246 status=OK
2026-10-09 00:54:10 db=demo-db session=sess-010 duration_ms=599 operation=ROLLBACK table=users rows=90 status=RETRY
2026-10-09 00:54:15 db=demo-db session=sess-011 duration_ms=1638 operation=DELETE table=users rows=159 status=RETRY
2026-10-09 00:54:20 db=demo-db session=sess-012 duration_ms=856 operation=INSERT table=orders rows=217 status=OK
2026-10-09 00:54:25 db=demo-db session=sess-013 duration_ms=394 operation=COMMIT table=orders rows=133 status=OK
2026-10-09 00:54:30 db=demo-db session=sess-014 duration_ms=1003 operation=UPDATE table=sessions rows=13 status=OK
2026-10-09 00:54:35 db=demo-db session=sess-015 duration_ms=1435 operation=UPDATE table=orders rows=114 status=SLOW
2026-10-09 00:54:40 db=demo-db session=sess-016 duration_ms=692 operation=SELECT table=orders rows=191 status=SLOW
2026-10-09 00:54:45 db=demo-db session=sess-017 duration_ms=1351 operation=SELECT table=orders rows=141 status=OK
2026-10-09 00:54:50 db=demo-db session=sess-018 duration_ms=268 operation=COMMIT table=users rows=188 status=RETRY
2026-10-09 00:54:55 db=demo-db session=sess-019 duration_ms=40 operation=UPDATE table=events rows=51 status=SLOW
2026-10-09 00:55:00 db=demo-db session=sess-020 duration_ms=779 operation=DELETE table=users rows=177 status=OK
2026-10-09 00:55:05 db=demo-db session=sess-021 duration_ms=1428 operation=DELETE table=orders rows=93 status=RETRY
2026-10-09 00:55:10 db=demo-db session=sess-022 duration_ms=1749 operation=DELETE table=events rows=181 status=OK
2026-10-09 00:55:15 db=demo-db session=sess-023 duration_ms=272 operation=UPDATE table=audit_records rows=66 status=RETRY
2026-10-09 00:55:20 db=demo-db session=sess-024 duration_ms=396 operation=DELETE table=orders rows=68 status=OK
2026-10-09 00:55:25 db=demo-db session=sess-025 duration_ms=922 operation=ROLLBACK table=users rows=206 status=OK
2026-10-09 00:55:30 db=demo-db session=sess-026 duration_ms=1765 operation=COMMIT table=users rows=5 status=OK
2026-10-09 00:55:35 db=demo-db session=sess-027 duration_ms=1652 operation=SELECT table=sessions rows=19 status=OK
2026-10-09 00:55:40 db=demo-db session=sess-028 duration_ms=765 operation=SELECT table=sessions rows=146 status=OK
2026-10-09 00:55:45 db=demo-db session=sess-029 duration_ms=1596 operation=SELECT table=users rows=2 status=OK
2026-10-09 00:55:50 db=demo-db session=sess-030 duration_ms=1509 operation=UPDATE table=config rows=18 status=OK
2026-10-09 00:55:55 db=demo-db session=sess-031 duration_ms=1194 operation=ROLLBACK table=events rows=161 status=OK
2026-10-09 00:56:00 db=demo-db session=sess-032 duration_ms=1610 operation=ROLLBACK table=users rows=156 status=OK
2026-10-09 00:56:05 db=demo-db session=sess-033 duration_ms=116 operation=ROLLBACK table=sessions rows=51 status=OK
2026-10-09 00:56:10 db=demo-db session=sess-034 duration_ms=381 operation=SELECT table=audit_records rows=243 status=OK
2026-10-09 00:56:15 db=demo-db session=sess-035 duration_ms=8 operation=DELETE table=audit_records rows=59 status=OK
2026-10-09 00:56:20 db=demo-db session=sess-036 duration_ms=103 operation=ROLLBACK table=users rows=99 status=OK
2026-10-09 00:56:25 db=demo-db session=sess-037 duration_ms=1281 operation=COMMIT table=sessions rows=121 status=OK
2026-10-09 00:56:30 db=demo-db session=sess-038 duration_ms=1451 operation=DELETE table=config rows=180 status=OK
2026-10-09 00:56:35 db=demo-db session=sess-039 duration_ms=961 operation=UPDATE table=audit_records rows=173 status=RETRY
2026-10-09 00:56:40 db=demo-db session=sess-040 duration_ms=1772 operation=SELECT table=events rows=47 status=RETRY
2026-10-09 00:56:45 db=demo-db session=sess-041 duration_ms=13 operation=SELECT table=sessions rows=249 status=OK
2026-10-09 00:56:50 db=demo-db session=sess-042 duration_ms=540 operation=INSERT table=config rows=147 status=OK
2026-10-09 00:56:55 db=demo-db session=sess-043 duration_ms=1434 operation=SELECT table=audit_records rows=194 status=OK
2026-10-09 00:57:00 db=demo-db session=sess-044 duration_ms=386 operation=INSERT table=orders rows=193 status=OK
2026-10-09 00:57:05 db=demo-db session=sess-045 duration_ms=333 operation=DELETE table=audit_records rows=214 status=RETRY
2026-10-09 00:57:10 db=demo-db session=sess-046 duration_ms=608 operation=COMMIT table=events rows=129 status=OK
2026-10-09 00:57:15 db=demo-db session=sess-047 duration_ms=447 operation=DELETE table=orders rows=211 status=OK
2026-10-09 00:57:20 db=demo-db session=sess-048 duration_ms=1507 operation=INSERT table=config rows=1 status=OK
2026-10-09 00:57:25 db=demo-db session=sess-049 duration_ms=577 operation=INSERT table=users rows=15 status=OK
2026-10-09 00:57:30 db=demo-db session=sess-050 duration_ms=1012 operation=UPDATE table=audit_records rows=15 status=RETRY
2026-10-09 00:57:35 db=demo-db session=sess-051 duration_ms=1548 operation=DELETE table=users rows=172 status=SLOW
2026-10-09 00:57:40 db=demo-db session=sess-052 duration_ms=25 operation=ROLLBACK table=audit_records rows=22 status=OK
2026-10-09 00:57:45 db=demo-db session=sess-053 duration_ms=1205 operation=UPDATE table=audit_records rows=174 status=RETRY
2026-10-09 00:57:50 db=demo-db session=sess-054 duration_ms=1389 operation=SELECT table=config rows=67 status=OK
2026-10-09 00:57:55 db=demo-db session=sess-055 duration_ms=924 operation=UPDATE table=audit_records rows=207 status=SLOW
2026-10-09 00:58:00 db=demo-db session=sess-056 duration_ms=759 operation=DELETE table=orders rows=195 status=SLOW
2026-10-09 00:58:05 db=demo-db session=sess-057 duration_ms=642 operation=COMMIT table=audit_records rows=48 status=OK
2026-10-09 00:58:10 db=demo-db session=sess-058 duration_ms=1203 operation=INSERT table=users rows=176 status=OK
2026-10-09 00:58:15 db=demo-db session=sess-059 duration_ms=840 operation=DELETE table=events rows=83 status=SLOW
2026-10-09 00:58:20 db=demo-db session=sess-060 duration_ms=950 operation=DELETE table=events rows=39 status=OK
2026-10-09 00:58:25 db=demo-db session=sess-061 duration_ms=1512 operation=DELETE table=events rows=243 status=OK
2026-10-09 00:58:30 db=demo-db session=sess-062 duration_ms=1789 operation=INSERT table=orders rows=97 status=OK
2026-10-09 00:58:35 db=demo-db session=sess-063 duration_ms=819 operation=UPDATE table=users rows=111 status=OK
2026-10-09 00:58:40 db=demo-db session=sess-064 duration_ms=310 operation=COMMIT table=sessions rows=55 status=OK
2026-10-09 00:58:45 db=demo-db session=sess-065 duration_ms=34 operation=DELETE table=events rows=38 status=OK
2026-10-09 00:58:50 db=demo-db session=sess-066 duration_ms=691 operation=INSERT table=users rows=127 status=SLOW
2026-10-09 00:58:55 db=demo-db session=sess-067 duration_ms=325 operation=UPDATE table=config rows=71 status=OK
2026-10-09 00:59:00 db=demo-db session=sess-068 duration_ms=390 operation=DELETE table=config rows=185 status=SLOW
2026-10-09 00:59:05 db=demo-db session=sess-069 duration_ms=887 operation=DELETE table=sessions rows=124 status=OK
2026-10-09 00:59:10 db=demo-db session=sess-070 duration_ms=724 operation=SELECT table=users rows=243 status=OK
2026-10-09 00:59:15 db=demo-db session=sess-071 duration_ms=1446 operation=DELETE table=config rows=74 status=OK
2026-10-09 00:59:20 db=demo-db session=sess-072 duration_ms=482 operation=COMMIT table=events rows=205 status=OK
2026-10-09 00:59:25 db=demo-db session=sess-073 duration_ms=853 operation=DELETE table=users rows=244 status=OK
2026-10-09 00:59:30 db=demo-db session=sess-074 duration_ms=1294 operation=INSERT table=orders rows=161 status=OK
2026-10-09 00:59:35 db=demo-db session=sess-075 duration_ms=1401 operation=COMMIT table=events rows=156 status=OK
2026-10-09 00:59:40 db=demo-db session=sess-076 duration_ms=1227 operation=INSERT table=config rows=72 status=OK
2026-10-09 00:59:45 db=demo-db session=sess-077 duration_ms=1485 operation=UPDATE table=audit_records rows=221 status=OK
2026-10-09 00:59:50 db=demo-db session=sess-078 duration_ms=757 operation=COMMIT table=events rows=16 status=OK
2026-10-09 00:59:55 db=demo-db session=sess-079 duration_ms=916 operation=UPDATE table=events rows=63 status=OK
2026-10-09 01:00:00 db=demo-db session=sess-000 duration_ms=669 operation=ROLLBACK table=sessions rows=232 status=OK
2026-10-09 01:00:05 db=demo-db session=sess-001 duration_ms=1299 operation=DELETE table=orders rows=142 status=OK
2026-10-09 01:00:10 db=demo-db session=sess-002 duration_ms=1183 operation=UPDATE table=audit_records rows=49 status=OK
2026-10-09 01:00:15 db=demo-db session=sess-003 duration_ms=660 operation=ROLLBACK table=config rows=248 status=OK
2026-10-09 01:00:20 db=demo-db session=sess-004 duration_ms=1451 operation=COMMIT table=config rows=60 status=OK
2026-10-09 01:00:25 db=demo-db session=sess-005 duration_ms=1001 operation=COMMIT table=events rows=227 status=OK
2026-10-09 01:00:30 db=demo-db session=sess-006 duration_ms=642 operation=COMMIT table=users rows=98 status=OK
2026-10-09 01:00:35 db=demo-db session=sess-007 duration_ms=1278 operation=UPDATE table=users rows=135 status=SLOW
2026-10-09 01:00:40 db=demo-db session=sess-008 duration_ms=948 operation=COMMIT table=audit_records rows=68 status=OK
2026-10-09 01:00:45 db=demo-db session=sess-009 duration_ms=921 operation=DELETE table=sessions rows=202 status=OK
2026-10-09 01:00:50 db=demo-db session=sess-010 duration_ms=1458 operation=INSERT table=orders rows=217 status=OK
2026-10-09 01:00:55 db=demo-db session=sess-011 duration_ms=971 operation=INSERT table=sessions rows=162 status=OK
2026-10-09 01:01:00 db=demo-db session=sess-012 duration_ms=671 operation=UPDATE table=config rows=123 status=RETRY
2026-10-09 01:01:05 db=demo-db session=sess-013 duration_ms=300 operation=UPDATE table=orders rows=124 status=OK
2026-10-09 01:01:10 db=demo-db session=sess-014 duration_ms=1239 operation=COMMIT table=sessions rows=210 status=OK
2026-10-09 01:01:15 db=demo-db session=sess-015 duration_ms=1224 operation=COMMIT table=users rows=75 status=OK
2026-10-09 01:01:20 db=demo-db session=sess-016 duration_ms=1507 operation=INSERT table=config rows=204 status=RETRY
2026-10-09 01:01:25 db=demo-db session=sess-017 duration_ms=579 operation=INSERT table=events rows=108 status=OK
2026-10-09 01:01:30 db=demo-db session=sess-018 duration_ms=611 operation=UPDATE table=sessions rows=36 status=OK
2026-10-09 01:01:35 db=demo-db session=sess-019 duration_ms=52 operation=SELECT table=audit_records rows=164 status=SLOW
2026-10-09 01:01:40 db=demo-db session=sess-020 duration_ms=162 operation=UPDATE table=events rows=198 status=OK
2026-10-09 01:01:45 db=demo-db session=sess-021 duration_ms=915 operation=ROLLBACK table=events rows=142 status=OK
2026-10-09 01:01:50 db=demo-db session=sess-022 duration_ms=1217 operation=DELETE table=orders rows=27 status=OK
2026-10-09 01:01:55 db=demo-db session=sess-023 duration_ms=934 operation=UPDATE table=sessions rows=180 status=RETRY
2026-10-09 01:02:00 db=demo-db session=sess-024 duration_ms=929 operation=UPDATE table=sessions rows=150 status=OK
2026-10-09 01:02:05 db=demo-db session=sess-025 duration_ms=662 operation=SELECT table=users rows=13 status=OK
2026-10-09 01:02:10 db=demo-db session=sess-026 duration_ms=1132 operation=DELETE table=orders rows=36 status=OK
2026-10-09 01:02:15 db=demo-db session=sess-027 duration_ms=1704 operation=ROLLBACK table=events rows=140 status=OK
2026-10-09 01:02:20 db=demo-db session=sess-028 duration_ms=1288 operation=DELETE table=audit_records rows=82 status=SLOW
2026-10-09 01:02:25 db=demo-db session=sess-029 duration_ms=365 operation=UPDATE table=config rows=214 status=OK
2026-10-09 01:02:30 db=demo-db session=sess-030 duration_ms=1319 operation=UPDATE table=orders rows=144 status=RETRY
2026-10-09 01:02:35 db=demo-db session=sess-031 duration_ms=81 operation=COMMIT table=users rows=185 status=OK
2026-10-09 01:02:40 db=demo-db session=sess-032 duration_ms=1018 operation=SELECT table=users rows=35 status=OK
2026-10-09 01:02:45 db=demo-db session=sess-033 duration_ms=210 operation=COMMIT table=sessions rows=240 status=OK
2026-10-09 01:02:50 db=demo-db session=sess-034 duration_ms=189 operation=UPDATE table=orders rows=86 status=OK
2026-10-09 01:02:55 db=demo-db session=sess-035 duration_ms=846 operation=UPDATE table=users rows=126 status=SLOW
2026-10-09 01:03:00 db=demo-db session=sess-036 duration_ms=1117 operation=SELECT table=config rows=106 status=SLOW
2026-10-09 01:03:05 db=demo-db session=sess-037 duration_ms=1423 operation=INSERT table=config rows=210 status=OK
2026-10-09 01:03:10 db=demo-db session=sess-038 duration_ms=1668 operation=INSERT table=events rows=40 status=OK
2026-10-09 01:03:15 db=demo-db session=sess-039 duration_ms=1563 operation=UPDATE table=sessions rows=61 status=OK
2026-10-09 01:03:20 db=demo-db session=sess-040 duration_ms=1321 operation=ROLLBACK table=config rows=6 status=OK
2026-10-09 01:03:25 db=demo-db session=sess-041 duration_ms=1317 operation=ROLLBACK table=sessions rows=122 status=OK
2026-10-09 01:03:30 db=demo-db session=sess-042 duration_ms=87 operation=INSERT table=sessions rows=243 status=OK
2026-10-09 01:03:35 db=demo-db session=sess-043 duration_ms=1783 operation=INSERT table=config rows=81 status=OK
2026-10-09 01:03:40 db=demo-db session=sess-044 duration_ms=794 operation=ROLLBACK table=audit_records rows=101 status=OK
2026-10-09 01:03:45 db=demo-db session=sess-045 duration_ms=1045 operation=UPDATE table=events rows=6 status=SLOW
2026-10-09 01:03:50 db=demo-db session=sess-046 duration_ms=1127 operation=SELECT table=users rows=51 status=RETRY
2026-10-09 01:03:55 db=demo-db session=sess-047 duration_ms=74 operation=INSERT table=sessions rows=149 status=SLOW
2026-10-09 01:04:00 db=demo-db session=sess-048 duration_ms=15 operation=UPDATE table=audit_records rows=20 status=RETRY
2026-10-09 01:04:05 db=demo-db session=sess-049 duration_ms=754 operation=COMMIT table=sessions rows=101 status=OK
2026-10-09 01:04:10 db=demo-db session=sess-050 duration_ms=312 operation=COMMIT table=users rows=234 status=RETRY
2026-10-09 01:04:15 db=demo-db session=sess-051 duration_ms=577 operation=UPDATE table=config rows=95 status=RETRY
2026-10-09 01:04:20 db=demo-db session=sess-052 duration_ms=796 operation=INSERT table=sessions rows=193 status=RETRY
2026-10-09 01:04:25 db=demo-db session=sess-053 duration_ms=525 operation=UPDATE table=sessions rows=83 status=OK
2026-10-09 01:04:30 db=demo-db session=sess-054 duration_ms=805 operation=SELECT table=audit_records rows=73 status=SLOW
2026-10-09 01:04:35 db=demo-db session=sess-055 duration_ms=60 operation=DELETE table=config rows=247 status=RETRY
2026-10-09 01:04:40 db=demo-db session=sess-056 duration_ms=1577 operation=DELETE table=sessions rows=47 status=OK
2026-10-09 01:04:45 db=demo-db session=sess-057 duration_ms=86 operation=DELETE table=users rows=190 status=OK
2026-10-09 01:04:50 db=demo-db session=sess-058 duration_ms=410 operation=COMMIT table=audit_records rows=191 status=OK
2026-10-09 01:04:55 db=demo-db session=sess-059 duration_ms=1706 operation=ROLLBACK table=audit_records rows=54 status=RETRY
2026-10-09 01:05:00 db=demo-db session=sess-060 duration_ms=1675 operation=UPDATE table=orders rows=118 status=OK
2026-10-09 01:05:05 db=demo-db session=sess-061 duration_ms=1327 operation=ROLLBACK table=sessions rows=145 status=OK
2026-10-09 01:05:10 db=demo-db session=sess-062 duration_ms=445 operation=COMMIT table=users rows=79 status=OK
2026-10-09 01:05:15 db=demo-db session=sess-063 duration_ms=444 operation=INSERT table=orders rows=52 status=SLOW
2026-10-09 01:05:20 db=demo-db session=sess-064 duration_ms=1475 operation=DELETE table=audit_records rows=83 status=SLOW
2026-10-09 01:05:25 db=demo-db session=sess-065 duration_ms=801 operation=COMMIT table=sessions rows=235 status=SLOW
2026-10-09 01:05:30 db=demo-db session=sess-066 duration_ms=984 operation=COMMIT table=config rows=73 status=OK
2026-10-09 01:05:35 db=demo-db session=sess-067 duration_ms=160 operation=COMMIT table=users rows=226 status=OK
2026-10-09 01:05:40 db=demo-db session=sess-068 duration_ms=1747 operation=SELECT table=config rows=12 status=OK
2026-10-09 01:05:45 db=demo-db session=sess-069 duration_ms=562 operation=SELECT table=orders rows=113 status=SLOW
2026-10-09 01:05:50 db=demo-db session=sess-070 duration_ms=1493 operation=COMMIT table=sessions rows=24 status=OK
2026-10-09 01:05:55 db=demo-db session=sess-071 duration_ms=754 operation=INSERT table=audit_records rows=48 status=SLOW
2026-10-09 01:06:00 db=demo-db session=sess-072 duration_ms=1520 operation=UPDATE table=users rows=71 status=SLOW
2026-10-09 01:06:05 db=demo-db session=sess-073 duration_ms=1339 operation=SELECT table=orders rows=197 status=OK
2026-10-09 01:06:10 db=demo-db session=sess-074 duration_ms=246 operation=UPDATE table=sessions rows=67 status=SLOW
2026-10-09 01:06:15 db=demo-db session=sess-075 duration_ms=1640 operation=INSERT table=users rows=235 status=OK
2026-10-09 01:06:20 db=demo-db session=sess-076 duration_ms=976 operation=INSERT table=users rows=28 status=OK
2026-10-09 01:06:25 db=demo-db session=sess-077 duration_ms=1485 operation=INSERT table=events rows=222 status=RETRY
2026-10-09 01:06:30 db=demo-db session=sess-078 duration_ms=1424 operation=COMMIT table=orders rows=69 status=OK
2026-10-09 01:06:35 db=demo-db session=sess-079 duration_ms=1440 operation=COMMIT table=events rows=16 status=OK
2026-10-09 01:06:40 db=demo-db session=sess-000 duration_ms=442 operation=SELECT table=events rows=173 status=SLOW
2026-10-09 01:06:45 db=demo-db session=sess-001 duration_ms=62 operation=SELECT table=events rows=110 status=SLOW
2026-10-09 01:06:50 db=demo-db session=sess-002 duration_ms=845 operation=INSERT table=users rows=147 status=OK
2026-10-09 01:06:55 db=demo-db session=sess-003 duration_ms=1345 operation=SELECT table=orders rows=181 status=OK
2026-10-09 01:07:00 db=demo-db session=sess-004 duration_ms=1473 operation=DELETE table=sessions rows=205 status=OK
2026-10-09 01:07:05 db=demo-db session=sess-005 duration_ms=50 operation=ROLLBACK table=orders rows=246 status=OK
2026-10-09 01:07:10 db=demo-db session=sess-006 duration_ms=481 operation=ROLLBACK table=events rows=207 status=OK
2026-10-09 01:07:15 db=demo-db session=sess-007 duration_ms=1332 operation=SELECT table=config rows=213 status=SLOW
2026-10-09 01:07:20 db=demo-db session=sess-008 duration_ms=1145 operation=ROLLBACK table=events rows=202 status=OK
2026-10-09 01:07:25 db=demo-db session=sess-009 duration_ms=1466 operation=ROLLBACK table=users rows=73 status=OK
2026-10-09 01:07:30 db=demo-db session=sess-010 duration_ms=182 operation=COMMIT table=orders rows=116 status=SLOW
2026-10-09 01:07:35 db=demo-db session=sess-011 duration_ms=1116 operation=INSERT table=orders rows=168 status=OK
2026-10-09 01:07:40 db=demo-db session=sess-012 duration_ms=1488 operation=COMMIT table=config rows=37 status=OK
2026-10-09 01:07:45 db=demo-db session=sess-013 duration_ms=1506 operation=ROLLBACK table=orders rows=104 status=OK
2026-10-09 01:07:50 db=demo-db session=sess-014 duration_ms=1189 operation=DELETE table=orders rows=119 status=OK
2026-10-09 01:07:55 db=demo-db session=sess-015 duration_ms=1572 operation=UPDATE table=sessions rows=208 status=SLOW
2026-10-09 01:08:00 db=demo-db session=sess-016 duration_ms=1384 operation=COMMIT table=events rows=92 status=SLOW
2026-10-09 01:08:05 db=demo-db session=sess-017 duration_ms=178 operation=COMMIT table=orders rows=226 status=OK
2026-10-09 01:08:10 db=demo-db session=sess-018 duration_ms=682 operation=UPDATE table=audit_records rows=119 status=SLOW
2026-10-09 01:08:15 db=demo-db session=sess-019 duration_ms=1544 operation=COMMIT table=audit_records rows=42 status=OK
2026-10-09 01:08:20 db=demo-db session=sess-020 duration_ms=704 operation=COMMIT table=audit_records rows=37 status=RETRY
2026-10-09 01:08:25 db=demo-db session=sess-021 duration_ms=700 operation=COMMIT table=audit_records rows=212 status=OK
2026-10-09 01:08:30 db=demo-db session=sess-022 duration_ms=1744 operation=COMMIT table=sessions rows=250 status=OK
2026-10-09 01:08:35 db=demo-db session=sess-023 duration_ms=1689 operation=ROLLBACK table=events rows=20 status=SLOW
2026-10-09 01:08:40 db=demo-db session=sess-024 duration_ms=230 operation=COMMIT table=config rows=10 status=RETRY
2026-10-09 01:08:45 db=demo-db session=sess-025 duration_ms=213 operation=COMMIT table=users rows=65 status=RETRY
2026-10-09 01:08:50 db=demo-db session=sess-026 duration_ms=1362 operation=INSERT table=audit_records rows=58 status=OK
2026-10-09 01:08:55 db=demo-db session=sess-027 duration_ms=1002 operation=SELECT table=orders rows=187 status=OK
2026-10-09 01:09:00 db=demo-db session=sess-028 duration_ms=1124 operation=DELETE table=config rows=168 status=SLOW
2026-10-09 01:09:05 db=demo-db session=sess-029 duration_ms=449 operation=COMMIT table=orders rows=191 status=SLOW
2026-10-09 01:09:10 db=demo-db session=sess-030 duration_ms=1409 operation=SELECT table=sessions rows=163 status=SLOW
2026-10-09 01:09:15 db=demo-db session=sess-031 duration_ms=319 operation=ROLLBACK table=sessions rows=183 status=OK
2026-10-09 01:09:20 db=demo-db session=sess-032 duration_ms=1626 operation=COMMIT table=users rows=126 status=OK
2026-10-09 01:09:25 db=demo-db session=sess-033 duration_ms=148 operation=ROLLBACK table=orders rows=61 status=SLOW
2026-10-09 01:09:30 db=demo-db session=sess-034 duration_ms=621 operation=INSERT table=config rows=163 status=OK
2026-10-09 01:09:35 db=demo-db session=sess-035 duration_ms=1669 operation=INSERT table=users rows=4 status=OK
2026-10-09 01:09:40 db=demo-db session=sess-036 duration_ms=606 operation=SELECT table=sessions rows=47 status=OK
2026-10-09 01:09:45 db=demo-db session=sess-037 duration_ms=138 operation=UPDATE table=events rows=243 status=OK
2026-10-09 01:09:50 db=demo-db session=sess-038 duration_ms=865 operation=UPDATE table=audit_records rows=103 status=OK
2026-10-09 01:09:55 db=demo-db session=sess-039 duration_ms=1430 operation=COMMIT table=orders rows=87 status=SLOW
2026-10-09 01:10:00 db=demo-db session=sess-040 duration_ms=768 operation=INSERT table=orders rows=109 status=RETRY
2026-10-09 01:10:05 db=demo-db session=sess-041 duration_ms=1208 operation=DELETE table=audit_records rows=157 status=RETRY
2026-10-09 01:10:10 db=demo-db session=sess-042 duration_ms=86 operation=ROLLBACK table=events rows=250 status=OK
2026-10-09 01:10:15 db=demo-db session=sess-043 duration_ms=1024 operation=UPDATE table=orders rows=7 status=OK
2026-10-09 01:10:20 db=demo-db session=sess-044 duration_ms=1435 operation=DELETE table=events rows=192 status=RETRY
2026-10-09 01:10:25 db=demo-db session=sess-045 duration_ms=1577 operation=SELECT table=events rows=176 status=RETRY
2026-10-09 01:10:30 db=demo-db session=sess-046 duration_ms=1271 operation=UPDATE table=audit_records rows=125 status=OK
2026-10-09 01:10:35 db=demo-db session=sess-047 duration_ms=779 operation=SELECT table=events rows=194 status=OK
2026-10-09 01:10:40 db=demo-db session=sess-048 duration_ms=973 operation=UPDATE table=config rows=23 status=OK
2026-10-09 01:10:45 db=demo-db session=sess-049 duration_ms=503 operation=ROLLBACK table=audit_records rows=161 status=OK
2026-10-09 01:10:50 db=demo-db session=sess-050 duration_ms=932 operation=DELETE table=audit_records rows=86 status=OK
2026-10-09 01:10:55 db=demo-db session=sess-051 duration_ms=1237 operation=DELETE table=users rows=82 status=OK
2026-10-09 01:11:00 db=demo-db session=sess-052 duration_ms=1132 operation=ROLLBACK table=events rows=55 status=RETRY
2026-10-09 01:11:05 db=demo-db session=sess-053 duration_ms=841 operation=SELECT table=users rows=175 status=OK
2026-10-09 01:11:10 db=demo-db session=sess-054 duration_ms=1216 operation=ROLLBACK table=users rows=239 status=RETRY
2026-10-09 01:11:15 db=demo-db session=sess-055 duration_ms=911 operation=SELECT table=config rows=46 status=SLOW
2026-10-09 01:11:20 db=demo-db session=sess-056 duration_ms=563 operation=ROLLBACK table=config rows=99 status=RETRY
2026-10-09 01:11:25 db=demo-db session=sess-057 duration_ms=1339 operation=ROLLBACK table=users rows=64 status=RETRY
2026-10-09 01:11:30 db=demo-db session=sess-058 duration_ms=241 operation=ROLLBACK table=config rows=125 status=OK
2026-10-09 01:11:35 db=demo-db session=sess-059 duration_ms=926 operation=UPDATE table=sessions rows=10 status=OK
2026-10-09 01:11:40 db=demo-db session=sess-060 duration_ms=1232 operation=UPDATE table=events rows=28 status=OK
2026-10-09 01:11:45 db=demo-db session=sess-061 duration_ms=1715 operation=SELECT table=sessions rows=123 status=SLOW
2026-10-09 01:11:50 db=demo-db session=sess-062 duration_ms=511 operation=SELECT table=events rows=198 status=OK
2026-10-09 01:11:55 db=demo-db session=sess-063 duration_ms=1583 operation=DELETE table=users rows=77 status=OK
2026-10-09 01:12:00 db=demo-db session=sess-064 duration_ms=458 operation=UPDATE table=audit_records rows=149 status=SLOW
2026-10-09 01:12:05 db=demo-db session=sess-065 duration_ms=469 operation=ROLLBACK table=events rows=206 status=OK
2026-10-09 01:12:10 db=demo-db session=sess-066 duration_ms=208 operation=INSERT table=sessions rows=33 status=RETRY
2026-10-09 01:12:15 db=demo-db session=sess-067 duration_ms=1153 operation=SELECT table=events rows=127 status=OK
2026-10-09 01:12:20 db=demo-db session=sess-068 duration_ms=1627 operation=ROLLBACK table=events rows=5 status=RETRY
2026-10-09 01:12:25 db=demo-db session=sess-069 duration_ms=1421 operation=UPDATE table=audit_records rows=139 status=OK
2026-10-09 01:12:30 db=demo-db session=sess-070 duration_ms=858 operation=DELETE table=users rows=71 status=SLOW
2026-10-09 01:12:35 db=demo-db session=sess-071 duration_ms=1142 operation=ROLLBACK table=events rows=17 status=OK
2026-10-09 01:12:40 db=demo-db session=sess-072 duration_ms=179 operation=UPDATE table=audit_records rows=91 status=SLOW
2026-10-09 01:12:45 db=demo-db session=sess-073 duration_ms=822 operation=COMMIT table=sessions rows=232 status=OK
2026-10-09 01:12:50 db=demo-db session=sess-074 duration_ms=248 operation=SELECT table=sessions rows=22 status=RETRY
2026-10-09 01:12:55 db=demo-db session=sess-075 duration_ms=383 operation=ROLLBACK table=sessions rows=114 status=RETRY
2026-10-09 01:13:00 db=demo-db session=sess-076 duration_ms=765 operation=COMMIT table=orders rows=122 status=OK
2026-10-09 01:13:05 db=demo-db session=sess-077 duration_ms=1618 operation=ROLLBACK table=sessions rows=149 status=SLOW
2026-10-09 01:13:10 db=demo-db session=sess-078 duration_ms=238 operation=COMMIT table=users rows=59 status=OK
2026-10-09 01:13:15 db=demo-db session=sess-079 duration_ms=302 operation=UPDATE table=sessions rows=191 status=SLOW
2026-10-09 01:13:20 db=demo-db session=sess-000 duration_ms=23 operation=UPDATE table=users rows=130 status=OK
2026-10-09 01:13:25 db=demo-db session=sess-001 duration_ms=231 operation=COMMIT table=audit_records rows=68 status=RETRY
2026-10-09 01:13:30 db=demo-db session=sess-002 duration_ms=1087 operation=SELECT table=orders rows=225 status=OK
2026-10-09 01:13:35 db=demo-db session=sess-003 duration_ms=655 operation=INSERT table=events rows=205 status=OK
2026-10-09 01:13:40 db=demo-db session=sess-004 duration_ms=387 operation=ROLLBACK table=events rows=122 status=SLOW
2026-10-09 01:13:45 db=demo-db session=sess-005 duration_ms=439 operation=SELECT table=sessions rows=99 status=RETRY
2026-10-09 01:13:50 db=demo-db session=sess-006 duration_ms=1298 operation=ROLLBACK table=config rows=219 status=OK
2026-10-09 01:13:55 db=demo-db session=sess-007 duration_ms=300 operation=ROLLBACK table=sessions rows=219 status=RETRY
2026-10-09 01:14:00 db=demo-db session=sess-008 duration_ms=298 operation=SELECT table=events rows=131 status=OK
2026-10-09 01:14:05 db=demo-db session=sess-009 duration_ms=1160 operation=INSERT table=sessions rows=160 status=SLOW
2026-10-09 01:14:10 db=demo-db session=sess-010 duration_ms=1720 operation=ROLLBACK table=orders rows=240 status=OK
2026-10-09 01:14:15 db=demo-db session=sess-011 duration_ms=1696 operation=UPDATE table=events rows=15 status=SLOW
2026-10-09 01:14:20 db=demo-db session=sess-012 duration_ms=88 operation=UPDATE table=events rows=7 status=OK
2026-10-09 01:14:25 db=demo-db session=sess-013 duration_ms=1376 operation=ROLLBACK table=orders rows=100 status=SLOW
2026-10-09 01:14:30 db=demo-db session=sess-014 duration_ms=1242 operation=INSERT table=audit_records rows=232 status=OK
2026-10-09 01:14:35 db=demo-db session=sess-015 duration_ms=982 operation=COMMIT table=config rows=227 status=SLOW
2026-10-09 01:14:40 db=demo-db session=sess-016 duration_ms=1324 operation=ROLLBACK table=sessions rows=61 status=RETRY
2026-10-09 01:14:45 db=demo-db session=sess-017 duration_ms=1068 operation=UPDATE table=events rows=197 status=OK
2026-10-09 01:14:50 db=demo-db session=sess-018 duration_ms=887 operation=COMMIT table=users rows=106 status=OK
2026-10-09 01:14:55 db=demo-db session=sess-019 duration_ms=1151 operation=SELECT table=audit_records rows=228 status=OK
2026-10-09 01:15:00 db=demo-db session=sess-020 duration_ms=1583 operation=ROLLBACK table=users rows=94 status=OK
2026-10-09 01:15:05 db=demo-db session=sess-021 duration_ms=806 operation=UPDATE table=events rows=166 status=OK
2026-10-09 01:15:10 db=demo-db session=sess-022 duration_ms=622 operation=COMMIT table=config rows=83 status=OK
2026-10-09 01:15:15 db=demo-db session=sess-023 duration_ms=1752 operation=DELETE table=config rows=124 status=SLOW
2026-10-09 01:15:20 db=demo-db session=sess-024 duration_ms=1552 operation=ROLLBACK table=config rows=177 status=RETRY
2026-10-09 01:15:25 db=demo-db session=sess-025 duration_ms=1398 operation=COMMIT table=config rows=169 status=RETRY
2026-10-09 01:15:30 db=demo-db session=sess-026 duration_ms=282 operation=DELETE table=orders rows=23 status=SLOW
2026-10-09 01:15:35 db=demo-db session=sess-027 duration_ms=702 operation=COMMIT table=config rows=157 status=OK
2026-10-09 01:15:40 db=demo-db session=sess-028 duration_ms=516 operation=ROLLBACK table=orders rows=239 status=OK
2026-10-09 01:15:45 db=demo-db session=sess-029 duration_ms=1792 operation=UPDATE table=config rows=131 status=OK
2026-10-09 01:15:50 db=demo-db session=sess-030 duration_ms=642 operation=UPDATE table=sessions rows=144 status=OK
2026-10-09 01:15:55 db=demo-db session=sess-031 duration_ms=714 operation=UPDATE table=sessions rows=211 status=OK
2026-10-09 01:16:00 db=demo-db session=sess-032 duration_ms=1061 operation=ROLLBACK table=events rows=71 status=OK
2026-10-09 01:16:05 db=demo-db session=sess-033 duration_ms=1225 operation=DELETE table=audit_records rows=168 status=OK
2026-10-09 01:16:10 db=demo-db session=sess-034 duration_ms=1574 operation=COMMIT table=sessions rows=205 status=OK
2026-10-09 01:16:15 db=demo-db session=sess-035 duration_ms=390 operation=ROLLBACK table=audit_records rows=92 status=RETRY
2026-10-09 01:16:20 db=demo-db session=sess-036 duration_ms=1133 operation=UPDATE table=sessions rows=204 status=SLOW
2026-10-09 01:16:25 db=demo-db session=sess-037 duration_ms=1192 operation=COMMIT table=sessions rows=30 status=OK
2026-10-09 01:16:30 db=demo-db session=sess-038 duration_ms=1308 operation=INSERT table=sessions rows=153 status=OK
2026-10-09 01:16:35 db=demo-db session=sess-039 duration_ms=375 operation=ROLLBACK table=events rows=95 status=OK
2026-10-09 01:16:40 db=demo-db session=sess-040 duration_ms=803 operation=DELETE table=audit_records rows=69 status=RETRY
2026-10-09 01:16:45 db=demo-db session=sess-041 duration_ms=941 operation=COMMIT table=orders rows=37 status=OK
2026-10-09 01:16:50 db=demo-db session=sess-042 duration_ms=1242 operation=SELECT table=orders rows=31 status=SLOW
2026-10-09 01:16:55 db=demo-db session=sess-043 duration_ms=1666 operation=COMMIT table=events rows=0 status=OK
2026-10-09 01:17:00 db=demo-db session=sess-044 duration_ms=387 operation=UPDATE table=events rows=116 status=RETRY
2026-10-09 01:17:05 db=demo-db session=sess-045 duration_ms=1196 operation=UPDATE table=config rows=145 status=SLOW
2026-10-09 01:17:10 db=demo-db session=sess-046 duration_ms=408 operation=UPDATE table=users rows=109 status=SLOW
2026-10-09 01:17:15 db=demo-db session=sess-047 duration_ms=1220 operation=SELECT table=events rows=111 status=SLOW
2026-10-09 01:17:20 db=demo-db session=sess-048 duration_ms=642 operation=SELECT table=sessions rows=46 status=OK
2026-10-09 01:17:25 db=demo-db session=sess-049 duration_ms=741 operation=SELECT table=users rows=216 status=OK
2026-10-09 01:17:30 db=demo-db session=sess-050 duration_ms=569 operation=SELECT table=config rows=137 status=OK
2026-10-09 01:17:35 db=demo-db session=sess-051 duration_ms=261 operation=SELECT table=audit_records rows=175 status=SLOW
2026-10-09 01:17:40 db=demo-db session=sess-052 duration_ms=420 operation=SELECT table=audit_records rows=145 status=OK
2026-10-09 01:17:45 db=demo-db session=sess-053 duration_ms=21 operation=SELECT table=orders rows=250 status=RETRY
2026-10-09 01:17:50 db=demo-db session=sess-054 duration_ms=1474 operation=UPDATE table=orders rows=110 status=OK
2026-10-09 01:17:55 db=demo-db session=sess-055 duration_ms=473 operation=INSERT table=config rows=154 status=RETRY
2026-10-09 01:18:00 db=demo-db session=sess-056 duration_ms=1540 operation=UPDATE table=config rows=90 status=OK
2026-10-09 01:18:05 db=demo-db session=sess-057 duration_ms=311 operation=SELECT table=config rows=149 status=OK
2026-10-09 01:18:10 db=demo-db session=sess-058 duration_ms=1562 operation=INSERT table=sessions rows=206 status=SLOW
2026-10-09 01:18:15 db=demo-db session=sess-059 duration_ms=417 operation=COMMIT table=config rows=4 status=OK
2026-10-09 01:18:20 db=demo-db session=sess-060 duration_ms=187 operation=COMMIT table=audit_records rows=157 status=OK
2026-10-09 01:18:25 db=demo-db session=sess-061 duration_ms=1658 operation=DELETE table=users rows=24 status=OK
2026-10-09 01:18:30 db=demo-db session=sess-062 duration_ms=1732 operation=DELETE table=sessions rows=61 status=SLOW
2026-10-09 01:18:35 db=demo-db session=sess-063 duration_ms=1249 operation=INSERT table=sessions rows=234 status=OK
2026-10-09 01:18:40 db=demo-db session=sess-064 duration_ms=573 operation=SELECT table=users rows=61 status=OK
2026-10-09 01:18:45 db=demo-db session=sess-065 duration_ms=892 operation=COMMIT table=config rows=217 status=SLOW
2026-10-09 01:18:50 db=demo-db session=sess-066 duration_ms=914 operation=INSERT table=sessions rows=25 status=OK
2026-10-09 01:18:55 db=demo-db session=sess-067 duration_ms=837 operation=ROLLBACK table=events rows=113 status=OK
2026-10-09 01:19:00 db=demo-db session=sess-068 duration_ms=1514 operation=DELETE table=config rows=192 status=SLOW
2026-10-09 01:19:05 db=demo-db session=sess-069 duration_ms=48 operation=COMMIT table=orders rows=52 status=SLOW
2026-10-09 01:19:10 db=demo-db session=sess-070 duration_ms=895 operation=COMMIT table=orders rows=82 status=OK
2026-10-09 01:19:15 db=demo-db session=sess-071 duration_ms=1023 operation=COMMIT table=config rows=99 status=SLOW
2026-10-09 01:19:20 db=demo-db session=sess-072 duration_ms=1243 operation=INSERT table=orders rows=36 status=OK
2026-10-09 01:19:25 db=demo-db session=sess-073 duration_ms=1231 operation=ROLLBACK table=audit_records rows=96 status=OK
2026-10-09 01:19:30 db=demo-db session=sess-074 duration_ms=1614 operation=DELETE table=sessions rows=55 status=OK
2026-10-09 01:19:35 db=demo-db session=sess-075 duration_ms=724 operation=DELETE table=orders rows=63 status=OK
2026-10-09 01:19:40 db=demo-db session=sess-076 duration_ms=473 operation=DELETE table=config rows=224 status=SLOW
2026-10-09 01:19:45 db=demo-db session=sess-077 duration_ms=50 operation=ROLLBACK table=config rows=62 status=OK
2026-10-09 01:19:50 db=demo-db session=sess-078 duration_ms=927 operation=ROLLBACK table=users rows=99 status=RETRY
2026-10-09 01:19:55 db=demo-db session=sess-079 duration_ms=707 operation=UPDATE table=events rows=5 status=SLOW
2026-10-09 01:20:00 db=demo-db session=sess-000 duration_ms=894 operation=ROLLBACK table=events rows=232 status=SLOW
2026-10-09 01:20:05 db=demo-db session=sess-001 duration_ms=184 operation=DELETE table=orders rows=89 status=OK
2026-10-09 01:20:10 db=demo-db session=sess-002 duration_ms=552 operation=UPDATE table=orders rows=122 status=OK
2026-10-09 01:20:15 db=demo-db session=sess-003 duration_ms=346 operation=INSERT table=config rows=165 status=RETRY
2026-10-09 01:20:20 db=demo-db session=sess-004 duration_ms=1227 operation=COMMIT table=sessions rows=216 status=OK
2026-10-09 01:20:25 db=demo-db session=sess-005 duration_ms=782 operation=UPDATE table=users rows=194 status=OK
2026-10-09 01:20:30 db=demo-db session=sess-006 duration_ms=185 operation=ROLLBACK table=sessions rows=23 status=RETRY
2026-10-09 01:20:35 db=demo-db session=sess-007 duration_ms=1425 operation=COMMIT table=users rows=64 status=OK
2026-10-09 01:20:40 db=demo-db session=sess-008 duration_ms=1076 operation=UPDATE table=events rows=38 status=OK
2026-10-09 01:20:45 db=demo-db session=sess-009 duration_ms=291 operation=DELETE table=orders rows=222 status=OK
2026-10-09 01:20:50 db=demo-db session=sess-010 duration_ms=470 operation=DELETE table=orders rows=42 status=RETRY
2026-10-09 01:20:55 db=demo-db session=sess-011 duration_ms=137 operation=INSERT table=users rows=158 status=OK
2026-10-09 01:21:00 db=demo-db session=sess-012 duration_ms=1173 operation=ROLLBACK table=audit_records rows=45 status=OK
2026-10-09 01:21:05 db=demo-db session=sess-013 duration_ms=1123 operation=DELETE table=events rows=229 status=OK
2026-10-09 01:21:10 db=demo-db session=sess-014 duration_ms=484 operation=SELECT table=sessions rows=154 status=OK
2026-10-09 01:21:15 db=demo-db session=sess-015 duration_ms=138 operation=SELECT table=orders rows=209 status=OK
2026-10-09 01:21:20 db=demo-db session=sess-016 duration_ms=1094 operation=SELECT table=events rows=141 status=OK
2026-10-09 01:21:25 db=demo-db session=sess-017 duration_ms=1482 operation=INSERT table=sessions rows=136 status=OK
2026-10-09 01:21:30 db=demo-db session=sess-018 duration_ms=504 operation=SELECT table=orders rows=218 status=OK
2026-10-09 01:21:35 db=demo-db session=sess-019 duration_ms=1570 operation=UPDATE table=config rows=208 status=OK
2026-10-09 01:21:40 db=demo-db session=sess-020 duration_ms=1026 operation=COMMIT table=users rows=100 status=OK
2026-10-09 01:21:45 db=demo-db session=sess-021 duration_ms=343 operation=SELECT table=events rows=39 status=OK
2026-10-09 01:21:50 db=demo-db session=sess-022 duration_ms=496 operation=COMMIT table=orders rows=146 status=OK
2026-10-09 01:21:55 db=demo-db session=sess-023 duration_ms=948 operation=INSERT table=events rows=44 status=OK
2026-10-09 01:22:00 db=demo-db session=sess-024 duration_ms=1462 operation=INSERT table=sessions rows=163 status=RETRY
2026-10-09 01:22:05 db=demo-db session=sess-025 duration_ms=1546 operation=SELECT table=users rows=96 status=OK
2026-10-09 01:22:10 db=demo-db session=sess-026 duration_ms=2 operation=UPDATE table=events rows=135 status=SLOW
2026-10-09 01:22:15 db=demo-db session=sess-027 duration_ms=1388 operation=DELETE table=config rows=138 status=SLOW
2026-10-09 01:22:20 db=demo-db session=sess-028 duration_ms=1076 operation=DELETE table=audit_records rows=241 status=RETRY
2026-10-09 01:22:25 db=demo-db session=sess-029 duration_ms=725 operation=COMMIT table=config rows=183 status=SLOW
2026-10-09 01:22:30 db=demo-db session=sess-030 duration_ms=1540 operation=UPDATE table=config rows=239 status=SLOW
2026-10-09 01:22:35 db=demo-db session=sess-031 duration_ms=342 operation=COMMIT table=events rows=32 status=OK
2026-10-09 01:22:40 db=demo-db session=sess-032 duration_ms=424 operation=SELECT table=config rows=94 status=OK
2026-10-09 01:22:45 db=demo-db session=sess-033 duration_ms=237 operation=COMMIT table=events rows=97 status=SLOW
2026-10-09 01:22:50 db=demo-db session=sess-034 duration_ms=614 operation=UPDATE table=users rows=80 status=SLOW
2026-10-09 01:22:55 db=demo-db session=sess-035 duration_ms=407 operation=SELECT table=sessions rows=111 status=OK
2026-10-09 01:23:00 db=demo-db session=sess-036 duration_ms=922 operation=COMMIT table=audit_records rows=35 status=OK
2026-10-09 01:23:05 db=demo-db session=sess-037 duration_ms=812 operation=INSERT table=sessions rows=4 status=OK
2026-10-09 01:23:10 db=demo-db session=sess-038 duration_ms=900 operation=UPDATE table=events rows=102 status=SLOW
2026-10-09 01:23:15 db=demo-db session=sess-039 duration_ms=1460 operation=DELETE table=orders rows=225 status=OK
